{"options":{"check_for_updates":false,"comment":null,"compat_foreach":false,"compat_metadata":false,"compat_powerful_this":null,"compat_prototypes":false,"compat_wrappedjsobject":false,"compatopts_for_requires":true,"noframes":null,"override":{"merge_connects":true,"merge_excludes":true,"merge_includes":true,"merge_matches":true,"orig_connects":[],"orig_excludes":[],"orig_includes":["/https?://bbs.yamibo.com/(thread|forum)*"],"orig_matches":[],"orig_noframes":null,"orig_run_at":"document-idle","use_blockers":[],"use_connects":[],"use_excludes":[],"use_includes":[],"use_matches":[]},"run_at":null,"tab_types":null,"unwrap":null},"settings":{"enabled":true,"position":8},"meta":{"name":"300百合会快速翻页","uuid":"a9d76f11-2ff0-4e1a-bf63-c534763a0894","modified":1659254308676,"file_url":"https://greasyfork.org/scripts/448700-300%E7%99%BE%E5%90%88%E4%BC%9A%E5%BF%AB%E9%80%9F%E7%BF%BB%E9%A1%B5/code/300%E7%99%BE%E5%90%88%E4%BC%9A%E5%BF%AB%E9%80%9F%E7%BF%BB%E9%A1%B5.user.js"}}