{"options":{"check_for_updates":true,"comment":null,"compat_foreach":false,"compat_metadata":false,"compat_powerful_this":null,"compat_prototypes":false,"compat_wrappedjsobject":false,"compatopts_for_requires":true,"noframes":null,"override":{"merge_connects":true,"merge_excludes":true,"merge_includes":true,"merge_matches":true,"orig_connects":[],"orig_excludes":[],"orig_includes":["/^https?://(bangumi\\.tv|bgm\\.tv|chii\\.in)\\/\\S+\\/(list|timeline)\\/?.*","/^https?://(bangumi\\.tv|bgm\\.tv|chii\\.in)\\/$"],"orig_matches":[],"orig_noframes":null,"orig_run_at":"document-idle","use_blockers":[],"use_connects":[],"use_excludes":[],"use_includes":[],"use_matches":[]},"run_at":null,"tab_types":null,"unwrap":null},"settings":{"enabled":true,"position":1},"meta":{"name":"Bangumi Show Watching Days","uuid":"9711a95a-bda9-4979-8b0e-c978eb18033a","modified":1655648944635,"file_url":"https://greasyfork.org/scripts/36911-bangumi-show-watching-days/code/Bangumi%20Show%20Watching%20Days.user.js"}}