{"options":{"check_for_updates":true,"comment":null,"compat_foreach":false,"compat_metadata":false,"compat_powerful_this":null,"compat_wrappedjsobject":false,"compatopts_for_requires":true,"noframes":null,"override":{"merge_connects":true,"merge_excludes":true,"merge_includes":true,"merge_matches":true,"orig_connects":[],"orig_excludes":[],"orig_includes":[],"orig_matches":["https://bangumi.tv/*","https://bgm.tv/*","https://chii.in/*"],"orig_noframes":null,"orig_run_at":"document-idle","use_blockers":[],"use_connects":[],"use_excludes":[],"use_includes":[],"use_matches":[]},"run_at":null,"sandbox":null,"tab_types":null,"unwrap":null},"settings":{"enabled":true,"position":23},"meta":{"name":"Bangumi User Hover Panel","uuid":"5d0af727-177c-4cb0-aceb-39d8723048de","modified":1683549349859,"file_url":"https://greasyfork.org/scripts/465490-bangumi-user-hover-panel/code/Bangumi%20User%20Hover%20Panel.user.js"}}