{"options":{"check_for_updates":true,"comment":null,"compat_foreach":false,"compat_metadata":false,"compat_powerful_this":null,"compat_wrappedjsobject":false,"compatopts_for_requires":true,"noframes":null,"override":{"merge_connects":true,"merge_excludes":true,"merge_includes":true,"merge_matches":true,"orig_connects":[],"orig_excludes":[],"orig_includes":["/^https?:\\/\\/(bgm\\.tv|chii\\.in|bangumi\\.tv)\\/(group|subject)\\/topic\\/*/"],"orig_matches":[],"orig_noframes":null,"orig_run_at":"document-idle","use_blockers":[],"use_connects":[],"use_excludes":[],"use_includes":[],"use_matches":[]},"run_at":null,"sandbox":null,"tab_types":null,"unwrap":null},"settings":{"enabled":true,"position":26},"meta":{"name":"Bangumi Forum Enhance Alpha","uuid":"4ae2edca-08e4-4c41-8b3c-3ae8cd2eb6c5","modified":1685507481994,"file_url":"https://openuserjs.org/install/gyakkun/Bangumi_Forum_Enhance_Alpha.user.js"}}