{"ts":1685879026219,"data":{"E_USERJS_ANIME_SCORE_ANIDB_11606":"o{\"info\": {\"site\": \"anidb\",\"id\": \"11606\",\"link\": \"https://anidb.net/a11606\",\"hit\": \"3月のライオン\",\"name\": \"Sangatsu no Lion\",\"desc\": \"TV Series, 22 eps, 8.37 (2508)\",\"picurl\": \"<picture>\\n\\t\\t\\t  <img loading=\\\"lazy\\\" alt=\\\"Sangatsu no Lion\\\" src=\\\"https://cdn-eu.anidb.net/images/65/189638.jpg-thumb.jpg\\\" height=\\\"68\\\" width=\\\"65\\\" class=\\\"g_image g_bubble thumb\\\"/>\\n\\t\\t</picture>\",\"url\": \"https://anidb.net/a11606\",\"greyName\": \"3月のライオン\",\"score\": \"8.37\",\"count\": \"2508\"},\"date\": 1685858804589}","E_USERJS_ANIME_SCORE_ANIDB_12148":"o{\"info\": {\"site\": \"anidb\",\"picurl\": \"<picture>\\n\\t\\t\\t  <img loading=\\\"lazy\\\" alt=\\\"Atom: The Beginning\\\" src=\\\"https://cdn-eu.anidb.net/images/65/288490.jpg-thumb.jpg\\\" height=\\\"91\\\" width=\\\"65\\\" class=\\\"g_image g_bubble thumb\\\"/>\\n\\t\\t</picture>\",\"name\": \"Atom: The Beginning\",\"desc\": \"TV Series, 12 eps, 4.87 (379)\",\"id\": \"12148\",\"hit\": \"アトム ザ・ビギニング\",\"link\": \"https://anidb.net/a12148\",\"url\": \"https://anidb.net/a12148\",\"greyName\": \"アトム ザ・ビギニング\",\"score\": \"4.87\",\"count\": \"379\"},\"date\": 1685794524634}","E_USERJS_ANIME_SCORE_ANIDB_12994":"o{\"info\": {\"site\": \"anidb\",\"id\": \"12994\",\"link\": \"https://anidb.net/a12994\",\"hit\": \"3月のライオン 第2シリーズ\",\"name\": \"Sangatsu no Lion (2017)\",\"desc\": \"TV Series, 22 eps, 9.43 (1792)\",\"picurl\": \"<picture>\\n\\t\\t\\t  <img loading=\\\"lazy\\\" alt=\\\"Sangatsu no Lion (2017)\\\" src=\\\"https://cdn-eu.anidb.net/images/65/224358.jpg-thumb.jpg\\\" height=\\\"92\\\" width=\\\"65\\\" class=\\\"g_image g_bubble thumb\\\"/>\\n\\t\\t</picture>\",\"url\": \"https://anidb.net/a12994\",\"greyName\": \"3月のライオン 第2シリーズ\",\"score\": \"9.43\",\"count\": \"1792\"},\"date\": 1685858816525}","E_USERJS_ANIME_SCORE_ANIDB_16981":"o{\"info\": {\"site\": \"anidb\",\"name\": \"Skip to Loafer\",\"hit\": \"スキップとローファー\",\"picurl\": \"<picture>\\n\\t\\t\\t  <img loading=\\\"lazy\\\" alt=\\\"Skip to Loafer\\\" src=\\\"https://cdn-us.anidb.net/images/65/286582.jpg-thumb.jpg\\\" height=\\\"92\\\" width=\\\"65\\\" class=\\\"g_image g_bubble thumb\\\"/>\\n\\t\\t</picture>\",\"desc\": \"TV Series, 12 eps, 7.69 (101)\",\"link\": \"https://anidb.net/a16981\",\"id\": \"16981\",\"url\": \"https://anidb.net/a16981\",\"greyName\": \"スキップとローファー\",\"score\": \"7.69\",\"count\": \"101\"},\"date\": 1685711557965}","E_USERJS_ANIME_SCORE_ANIDB_18055":"o{\"info\": {\"site\": \"anidb\",\"id\": \"18055\",\"link\": \"https://anidb.net/a18055\",\"hit\": \"マクロス (新作)\",\"name\": \"Macross (Shinsaku)\",\"desc\": \"unknown, 0 eps, N/A (0)\",\"picurl\": \"<picture>\\n\\t\\t\\t  <img loading=\\\"lazy\\\" alt=\\\"Macross (Shinsaku)\\\" src=\\\"https://cdn-eu.anidb.net/images/65/73841.png-thumb.jpg\\\" height=\\\"40\\\" width=\\\"65\\\" class=\\\"g_image g_bubble thumb\\\"/>\\n\\t\\t</picture>\",\"url\": \"https://anidb.net/a18055\",\"greyName\": \"マクロス (新作)\",\"score\": \"0\",\"count\": \"0\"},\"date\": 1685879026219}","E_USERJS_ANIME_SCORE_ANIDB_331":"o{\"info\": {\"site\": \"anidb\",\"link\": \"https://anidb.net/a331\",\"hit\": \"天空の城ラピュタ\",\"id\": 331,\"name\": \"Tenkuu no Shiro Laputa\",\"desc\": \"Movie, 1 eps, 8.27 (7149)\",\"picurl\": \"<picture>\\n\\t\\t\\t  <img loading=\\\"lazy\\\" alt=\\\"Tenkuu no Shiro Laputa\\\" src=\\\"https://cdn-eu.anidb.net/images/65/264856.jpg-thumb.jpg\\\" height=\\\"93\\\" width=\\\"65\\\" class=\\\"g_image g_bubble thumb\\\"/>\\n\\t\\t</picture>\",\"url\": \"https://anidb.net/a331\",\"greyName\": \"天空の城ラピュタ\",\"score\": \"8.27\",\"count\": \"7149\"},\"date\": 1685794205415}","E_USERJS_ANIME_SCORE_ANIDB_6249":"o{\"info\": {\"site\": \"anidb\",\"link\": \"https://anidb.net/a6249\",\"id\": 6249,\"hit\": \"サマーウォーズ\",\"desc\": \"Movie, 1 eps, 8.06 (6709)\",\"name\": \"Summer Wars\",\"picurl\": \"<picture>\\n\\t\\t\\t  <img loading=\\\"lazy\\\" alt=\\\"Summer Wars\\\" src=\\\"https://cdn-eu.anidb.net/images/65/221901.jpg-thumb.jpg\\\" height=\\\"88\\\" width=\\\"65\\\" class=\\\"g_image g_bubble thumb\\\"/>\\n\\t\\t</picture>\",\"url\": \"https://anidb.net/a6249\",\"greyName\": \"サマーウォーズ\",\"score\": \"8.06\",\"count\": \"6709\"},\"date\": 1685860662071}","E_USERJS_ANIME_SCORE_BANGUMI_147068":"o{\"info\": {\"site\": \"bangumi\",\"name\": \"3月のライオン\",\"score\": \"8.3\",\"count\": \"6495\",\"url\": \"https://bgm.tv/subject/147068\",\"releaseDate\": \"2016-10-08\"},\"date\": 1685858799212}","E_USERJS_ANIME_SCORE_BANGUMI_184059":"o{\"info\": {\"site\": \"bangumi\",\"name\": \"アトム ザ・ビギニング\",\"score\": \"6.6601\",\"count\": \"409\",\"url\": \"https://bgm.tv/subject/184059\",\"releaseDate\": \"2017-04-15\"},\"date\": 1685794515411}","E_USERJS_ANIME_SCORE_BANGUMI_1905":"o{\"info\": {\"site\": \"bangumi\",\"name\": \"サマーウォーズ\",\"score\": \"7.9\",\"count\": \"8832\",\"url\": \"https://bgm.tv/subject/1905\",\"releaseDate\": \"2009-08-01\"},\"date\": 1685860654675}","E_USERJS_ANIME_SCORE_BANGUMI_207665":"o{\"info\": {\"site\": \"bangumi\",\"name\": \"マクロス 新作\",\"score\": \"7.0\",\"count\": \"1\",\"url\": \"https://bgm.tv/subject/207665\",\"releaseDate\": \"*\"},\"date\": 1685879021686}","E_USERJS_ANIME_SCORE_BANGUMI_211567":"o{\"info\": {\"site\": \"bangumi\",\"name\": \"3月のライオン 第2シリーズ\",\"score\": \"8.7930\",\"count\": \"6057\",\"url\": \"https://bgm.tv/subject/211567\",\"releaseDate\": \"2017-10-14\"},\"date\": 1685858808186}","E_USERJS_ANIME_SCORE_BANGUMI_298":"o{\"info\": {\"site\": \"bangumi\",\"name\": \"天空の城ラピュタ\",\"score\": \"8.4966\",\"count\": \"8909\",\"url\": \"https://bgm.tv/subject/298\",\"releaseDate\": \"1986-08-02\"},\"date\": 1685794205411}","E_USERJS_ANIME_SCORE_BANGUMI_357961":"o{\"info\": {\"site\": \"bangumi\",\"name\": \"スキップとローファー\",\"score\": \"7.8\",\"count\": \"1666\",\"url\": \"https://bgm.tv/subject/357961\",\"releaseDate\": \"2023-04-04\"},\"date\": 1685711557962}","E_USERJS_ANIME_SCORE_BANGUMI_DICT_ID_147068":"o{\"douban\": \"26615510\",\"myanimelist\": \"31646\",\"anidb\": \"11606\"}","E_USERJS_ANIME_SCORE_BANGUMI_DICT_ID_184059":"o{\"douban\": \"26811527\",\"myanimelist\": \"33371\",\"anidb\": \"12148\"}","E_USERJS_ANIME_SCORE_BANGUMI_DICT_ID_1905":"o{\"douban\": \"3908423\",\"myanimelist\": \"5681\",\"anidb\": \"6249\"}","E_USERJS_ANIME_SCORE_BANGUMI_DICT_ID_207665":"o{\"douban\": \"-1\",\"myanimelist\": \"-1\",\"anidb\": \"18055\"}","E_USERJS_ANIME_SCORE_BANGUMI_DICT_ID_211567":"o{\"douban\": \"26999593\",\"myanimelist\": \"35180\",\"anidb\": \"12994\"}","E_USERJS_ANIME_SCORE_BANGUMI_DICT_ID_298":"o{\"douban\": \"1291583\",\"myanimelist\": \"513\",\"anidb\": \"331\",\"bangumi\": \"298\"}","E_USERJS_ANIME_SCORE_BANGUMI_DICT_ID_357961":"o{\"douban\": \"35679677\",\"myanimelist\": \"50416\",\"anidb\": \"16981\",\"bangumi\": \"357961\"}","E_USERJS_ANIME_SCORE_BANGUMI_LOADING":"bfalse","E_USERJS_ANIME_SCORE_CURRENT_ID_DICT":"o{\"douban\": \"-1\",\"myanimelist\": \"-1\",\"anidb\": \"18055\",\"bangumi\": \"207665\"}","E_USERJS_ANIME_SCORE_DOUBAN_1291583":"o{\"info\": {\"site\": \"douban\",\"name\": \"天空之城\",\"greyName\": \"天空の城ラピュタ\",\"releaseDate\": \"1986\",\"url\": \"https://movie.douban.com/subject/1291583/\",\"score\": \"9.2\",\"count\": \"829064\"},\"date\": 1685794205413}","E_USERJS_ANIME_SCORE_DOUBAN_26615510":"o{\"info\": {\"site\": \"douban\",\"name\": \"3月的狮子\",\"greyName\": \"3月のライオン\",\"releaseDate\": \"2016\",\"url\": \"https://movie.douban.com/subject/26615510/\",\"score\": \"9.2\",\"count\": \"16658\"},\"date\": 1685858800936}","E_USERJS_ANIME_SCORE_DOUBAN_26811527":"o{\"info\": {\"site\": \"douban\",\"name\": \"铁臂阿童木：起源\",\"greyName\": \"アトム ザ・ビギニング\",\"releaseDate\": \"2017\",\"url\": \"https://movie.douban.com/subject/26811527/\",\"score\": \"7.6\",\"count\": \"493\"},\"date\": 1685794517422}","E_USERJS_ANIME_SCORE_DOUBAN_26999593":"o{\"info\": {\"site\": \"douban\",\"name\": \"3月的狮子 第二季\",\"greyName\": \"3月のライオン 第2シーズン\",\"releaseDate\": \"2017\",\"url\": \"https://movie.douban.com/subject/26999593/\",\"score\": \"9.6\",\"count\": \"11030\"},\"date\": 1685858811076}","E_USERJS_ANIME_SCORE_DOUBAN_35679677":"o{\"info\": {\"site\": \"douban\",\"name\": \"跃动青春\",\"greyName\": \"スキップとローファー\",\"releaseDate\": \"2023\",\"url\": \"https://movie.douban.com/subject/35679677/\",\"score\": \"9.5\",\"count\": \"15454\"},\"date\": 1685711557964}","E_USERJS_ANIME_SCORE_DOUBAN_3908423":"o{\"info\": {\"site\": \"douban\",\"name\": \"夏日大作战\",\"greyName\": \"サマーウォーズ\",\"releaseDate\": \"2009\",\"url\": \"https://movie.douban.com/subject/3908423/\",\"score\": \"8.5\",\"count\": \"177398\"},\"date\": 1685860656985}","E_USERJS_ANIME_SCORE_LATEST_UPDATE_TIME":"n1685711454497","E_USERJS_ANIME_SCORE_MYANIMELIST_31646":"o{\"info\": {\"site\": \"myanimelist\",\"name\": \"3-gatsu no Lion\",\"url\": \"https://myanimelist.net/anime/31646/3-gatsu_no_Lion\",\"score\": \"8.38\",\"count\": \"270290\"},\"date\": 1685858803172}","E_USERJS_ANIME_SCORE_MYANIMELIST_33371":"o{\"info\": {\"site\": \"myanimelist\",\"name\": \"Atom: The Beginning\",\"url\": \"https://myanimelist.net/anime/33371/Atom__The_Beginning\",\"score\": \"6.81\",\"count\": \"11319\"},\"date\": 1685794522423}","E_USERJS_ANIME_SCORE_MYANIMELIST_35180":"o{\"info\": {\"site\": \"myanimelist\",\"name\": \"3-gatsu no Lion 2nd Season\",\"url\": \"https://myanimelist.net/anime/35180/3-gatsu_no_Lion_2nd_Season\",\"score\": \"8.93\",\"count\": \"190416\"},\"date\": 1685858815915}","E_USERJS_ANIME_SCORE_MYANIMELIST_50416":"o{\"info\": {\"site\": \"myanimelist\",\"name\": \"Skip to Loafer\",\"url\": \"https://myanimelist.net/anime/50416/Skip_to_Loafer\",\"score\": \"8.25\",\"count\": \"23917\"},\"date\": 1685711557965}","E_USERJS_ANIME_SCORE_MYANIMELIST_513":"o{\"info\": {\"site\": \"myanimelist\",\"name\": \"Tenkuu no Shiro Laputa\",\"url\": \"https://myanimelist.net/anime/513/Tenkuu_no_Shiro_Laputa\",\"score\": \"8.26\",\"count\": \"288102\"},\"date\": 1685794205414}","E_USERJS_ANIME_SCORE_MYANIMELIST_5681":"o{\"info\": {\"site\": \"myanimelist\",\"name\": \"Summer Wars\",\"url\": \"https://myanimelist.net/anime/5681/Summer_Wars\",\"score\": \"8.03\",\"count\": \"287586\"},\"date\": 1685860659707}"}}