{"options":{"check_for_updates":true,"comment":null,"compat_foreach":false,"compat_metadata":false,"compat_powerful_this":null,"compat_prototypes":false,"compat_wrappedjsobject":false,"compatopts_for_requires":true,"noframes":null,"override":{"merge_connects":true,"merge_excludes":true,"merge_includes":true,"merge_matches":true,"orig_connects":[],"orig_excludes":[],"orig_includes":["/^https?:\\/\\/(bgm\\.tv|bangumi\\.tv|chii\\.in)\\/user\\/\\w+$/"],"orig_matches":[],"orig_noframes":null,"orig_run_at":"document-idle","use_blockers":[],"use_connects":[],"use_excludes":[],"use_includes":[],"use_matches":[]},"run_at":null,"tab_types":null,"unwrap":null},"settings":{"enabled":true,"position":15},"meta":{"name":"Bangumi 评分统计","uuid":"4d9b3082-0a8d-46bc-a540-47007eceeb6d","modified":1660732235913,"file_url":"https://greasyfork.org/scripts/444883-bangumi-%E8%AF%84%E5%88%86%E7%BB%9F%E8%AE%A1/code/Bangumi%20%E8%AF%84%E5%88%86%E7%BB%9F%E8%AE%A1.user.js"}}