{"options":{"check_for_updates":true,"comment":null,"compat_foreach":false,"compat_metadata":false,"compat_powerful_this":null,"compat_prototypes":false,"compat_wrappedjsobject":false,"compatopts_for_requires":true,"noframes":null,"override":{"merge_connects":true,"merge_excludes":true,"merge_includes":true,"merge_matches":true,"orig_connects":[],"orig_excludes":[],"orig_includes":["/^https?:\\/\\/(bangumi|bgm|chii)\\.(tv|in)\\/subject\\/.*$/","https://movie.douban.com/subject/*"],"orig_matches":[],"orig_noframes":null,"orig_run_at":"document-idle","use_blockers":[],"use_connects":["www.douban.com","myanimelist.net","anidb.net","bgm.tv"],"use_excludes":[],"use_includes":[],"use_matches":[]},"run_at":null,"tab_types":null,"unwrap":null},"settings":{"enabled":true,"position":14},"meta":{"name":"bangumi anime score compare","uuid":"02f14491-890d-473a-84de-82333b5900c5","modified":1663740461997,"file_url":"https://greasyfork.org/scripts/31829-bangumi-anime-score-compare/code/bangumi%20anime%20score%20compare.user.js"}}