{"options":{"check_for_updates":true,"comment":null,"compat_foreach":false,"compat_metadata":false,"compat_powerful_this":null,"compat_prototypes":false,"compat_wrappedjsobject":false,"compatopts_for_requires":true,"noframes":null,"override":{"merge_connects":true,"merge_excludes":true,"merge_includes":true,"merge_matches":true,"orig_connects":[],"orig_excludes":[],"orig_includes":["/^https?://(bangumi\\.tv|bgm\\.tv)/?.*/"],"orig_matches":[],"orig_noframes":null,"orig_run_at":"document.idle","use_blockers":[],"use_connects":[],"use_excludes":[],"use_includes":[],"use_matches":[]},"run_at":null,"tab_types":null,"unwrap":null},"settings":{"enabled":true,"position":13},"meta":{"name":"Bangumi BBCode Preview","uuid":"5d713485-ee98-48f0-9fb5-01e0508b793a","modified":1660731423449,"file_url":"https://github.com/wullic/Bangumi-more/raw/master/dist/bangumi-more.bundle.user.js"}}