{"options":{"check_for_updates":true,"comment":null,"compat_foreach":false,"compat_metadata":false,"compat_powerful_this":null,"compat_wrappedjsobject":false,"compatopts_for_requires":true,"noframes":null,"override":{"merge_connects":true,"merge_excludes":true,"merge_includes":true,"merge_matches":true,"orig_connects":[],"orig_excludes":[],"orig_includes":["/^https?://(bgm\\.tv|chii\\.in|bangumi\\.tv)/*/"],"orig_matches":[],"orig_noframes":null,"orig_run_at":"document-idle","use_blockers":[],"use_connects":[],"use_excludes":[],"use_includes":[],"use_matches":[]},"run_at":null,"sandbox":null,"tab_types":null,"unwrap":null},"settings":{"enabled":true,"position":22},"meta":{"name":"bgmFeelingLucky","uuid":"af5a57d5-74e3-44f4-a24a-087c39b72a83","modified":1683549349867,"file_url":"https://greasyfork.org/scripts/464915-bgmfeelinglucky/code/bgmFeelingLucky.user.js"}}