{"ts":1684162371401,"data":{"62":"s{\"page\":\"1\",\"lastFloor\":\"1034\",\"lastAnchor\":\"pid1026\",\"time\":1659420528798}","703":"s{\"page\":\"2\",\"lastFloor\":\"33\",\"lastAnchor\":\"pid35536\",\"time\":1659420636655}","1379":"s{\"page\":\"1\",\"lastFloor\":\"26\",\"lastAnchor\":\"pid64738\",\"time\":1659420456639}","1380":"s{\"page\":\"1\",\"lastFloor\":\"18\",\"lastAnchor\":\"pid64743\",\"time\":1659420408933}","1390":"s{\"page\":\"1\",\"lastFloor\":\"109\",\"lastAnchor\":\"pid65508\",\"time\":1659420401150}","1400":"s{\"page\":\"1\",\"lastFloor\":\"12\",\"lastAnchor\":\"pid66224\",\"time\":1659420261169}","1500":"s{\"page\":\"1\",\"lastFloor\":\"43\",\"lastAnchor\":\"pid72349\",\"time\":1659420252468}","1564":"s{\"page\":\"1\",\"lastFloor\":\"5\",\"lastAnchor\":\"pid74941\",\"time\":1659420229116}","2517":"s{\"page\":\"4\",\"lastFloor\":\"119\",\"lastAnchor\":\"pid124986\",\"time\":1659444329214}","2775":"s{\"page\":\"1\",\"lastFloor\":\"83\",\"lastAnchor\":\"pid136283\",\"time\":1659444897471}","7656":"s{\"page\":\"1\",\"lastFloor\":\"33\",\"lastAnchor\":\"pid433067\",\"time\":1659445657767}","12829":"s{\"page\":\"1\",\"lastFloor\":\"7\",\"lastAnchor\":\"pid565379\",\"time\":1659444646079}","13162":"s{\"page\":\"1\",\"lastFloor\":\"12\",\"lastAnchor\":\"pid566965\",\"time\":1659444607913}","13465":"s{\"page\":\"1\",\"lastFloor\":\"12\",\"lastAnchor\":\"pid571719\",\"time\":1659444878959}","17241":"s{\"page\":\"2\",\"lastFloor\":\"39\",\"lastAnchor\":\"pid1214898\",\"time\":1659445648443}","20425":"s{\"page\":\"1\",\"lastFloor\":\"18656\",\"lastAnchor\":\"pid1281192\",\"time\":1660794554859}","21589":"s{\"page\":\"1\",\"lastFloor\":\"42\",\"lastAnchor\":\"pid1305135\",\"time\":1659449303578}","21741":"s{\"page\":\"1\",\"lastFloor\":\"16\",\"lastAnchor\":\"pid1314544\",\"time\":1659449437960}","33446":"s{\"page\":\"2\",\"lastFloor\":\"25\",\"lastAnchor\":\"pid33804630\",\"time\":1659510340964}","39310":"s{\"page\":\"1\",\"lastFloor\":\"16\",\"lastAnchor\":\"pid33968806\",\"time\":1659444817565}","39490":"s{\"page\":\"1\",\"lastFloor\":\"172\",\"lastAnchor\":\"pid33973971\",\"time\":1659446274396}","40411":"s{\"page\":\"1\",\"lastFloor\":\"24\",\"lastAnchor\":\"pid34010632\",\"time\":1659445522021}","43517":"s{\"page\":\"1\",\"lastFloor\":\"26\",\"lastAnchor\":\"pid34112996\",\"time\":1659697041225}","50664":"s{\"page\":\"9\",\"lastFloor\":\"166\",\"lastAnchor\":\"pid34283208\",\"time\":1659445994221}","50713":"s{\"page\":\"2\",\"lastFloor\":\"27\",\"lastAnchor\":\"pid34285071\",\"time\":1659445505136}","53889":"s{\"page\":\"1\",\"lastFloor\":\"135\",\"lastAnchor\":\"pid34358304\",\"time\":1659445434147}","54903":"s{\"page\":\"1\",\"lastFloor\":\"5\",\"lastAnchor\":\"pid34459626\",\"time\":1659242623192}","59786":"s{\"page\":\"1\",\"lastFloor\":\"51\",\"lastAnchor\":\"pid34492955\",\"time\":1659445724266}","61034":"s{\"page\":\"1\",\"lastFloor\":\"59\",\"lastAnchor\":\"pid34521059\",\"time\":1659420492052}","64205":"s{\"page\":\"1\",\"lastFloor\":\"54\",\"lastAnchor\":\"pid34617205\",\"time\":1659449157959}","66184":"s{\"page\":\"1\",\"lastFloor\":\"37\",\"lastAnchor\":\"pid34654243\",\"time\":1659449341367}","75348":"s{\"page\":\"1\",\"lastFloor\":\"14\",\"lastAnchor\":\"pid34908499\",\"time\":1659446294325}","79545":"s{\"page\":\"1\",\"lastFloor\":\"106\",\"lastAnchor\":\"pid34996540\",\"time\":1659357932297}","79651":"s{\"page\":\"1\",\"lastAnchor\":\"pid34999271\",\"time\":1659357710479}","95494":"s{\"page\":\"1\",\"lastFloor\":\"141\",\"lastAnchor\":\"pid35377283\",\"time\":1659359900480}","96602":"s{\"page\":\"1\",\"lastFloor\":\"13\",\"lastAnchor\":\"pid35406254\",\"time\":1659444162633}","96942":"s{\"page\":\"1\",\"lastFloor\":\"136\",\"lastAnchor\":\"pid35414172\",\"time\":1659430193564}","101379":"s{\"page\":\"1\",\"lastFloor\":\"91\",\"lastAnchor\":\"pid35533441\",\"time\":1659359571825}","108724":"s{\"page\":\"1\",\"lastFloor\":\"140\",\"lastAnchor\":\"pid35783105\",\"time\":1659397762863}","119264":"s{\"page\":\"1\",\"lastFloor\":\"64\",\"lastAnchor\":\"pid36056668\",\"time\":1659398804543}","120734":"s{\"page\":\"1\",\"lastFloor\":\"63\",\"lastAnchor\":\"pid36094443\",\"time\":1659444524151}","126758":"s{\"page\":\"1\",\"lastFloor\":\"21\",\"lastAnchor\":\"pid36221019\",\"time\":1660788053874}","127714":"s{\"page\":\"1\",\"lastFloor\":\"135\",\"lastAnchor\":\"pid36252023\",\"time\":1659399790853}","129057":"s{\"page\":\"1\",\"lastFloor\":\"4236\",\"lastAnchor\":\"pid36265609\",\"time\":1659497971793}","132542":"s{\"page\":\"1\",\"lastFloor\":\"7\",\"lastAnchor\":\"pid36343568\",\"time\":1659420003780}","133026":"s{\"page\":\"1\",\"lastFloor\":\"12\",\"lastAnchor\":\"pid36353267\",\"time\":1660788031925}","144439":"s{\"page\":\"1\",\"lastAnchor\":\"pid36591199\",\"time\":1659253041090}","146496":"s{\"page\":\"1\",\"lastFloor\":\"273\",\"lastAnchor\":\"pid36660421\",\"time\":1659420437825}","149603":"s{\"page\":\"2\",\"lastFloor\":\"62\",\"lastAnchor\":\"pid36721027\",\"time\":1660743512178}","153474":"s{\"page\":\"1\",\"lastFloor\":\"51\",\"lastAnchor\":\"pid36769764\",\"time\":1661489633790}","162109":"s{\"page\":\"1\",\"lastFloor\":\"2\",\"lastAnchor\":\"pid36878036\",\"time\":1660746410111}","167634":"s{\"page\":\"1\",\"lastFloor\":\"31\",\"lastAnchor\":\"pid36950480\",\"time\":1659249354639}","181598":"s{\"page\":\"12\",\"lastFloor\":\"229\",\"lastAnchor\":\"pid40463491\",\"time\":1659510381985}","186292":"s{\"page\":\"1\",\"lastAnchor\":\"pid37206514\",\"time\":1659449115299}","188135":"s{\"page\":\"1\",\"lastFloor\":\"22\",\"lastAnchor\":\"pid37231540\",\"time\":1659449371071}","195384":"s{\"page\":\"1\",\"lastFloor\":\"142\",\"lastAnchor\":\"pid37324242\",\"time\":1659446634922}","198227":"s{\"page\":\"1\",\"lastFloor\":\"14\",\"lastAnchor\":\"pid37419641\",\"time\":1659444138474}","202633":"s{\"page\":\"3\",\"lastFloor\":\"49\",\"lastAnchor\":\"pid37599394\",\"time\":1659448785913}","203415":"s{\"page\":\"121\",\"lastFloor\":\"2465\",\"lastAnchor\":\"pid39161680\",\"time\":1659428552761}","204125":"s{\"page\":\"2\",\"lastFloor\":\"107\",\"lastAnchor\":\"pid37617708\",\"time\":1659445018924}","207099":"s{\"page\":\"1\",\"lastFloor\":\"60\",\"lastAnchor\":\"pid37703086\",\"time\":1659448569718}","210421":"s{\"page\":\"3\",\"lastFloor\":\"53\",\"lastAnchor\":\"pid37817657\",\"time\":1659449873748}","211563":"s{\"page\":\"1\",\"lastFloor\":\"4\",\"lastAnchor\":\"pid37864206\",\"time\":1659253747513}","212882":"s{\"page\":\"1\",\"lastFloor\":\"332\",\"lastAnchor\":\"pid37867523\",\"time\":1659420159553}","213355":"s{\"page\":\"1\",\"lastFloor\":\"19\",\"lastAnchor\":\"pid37890675\",\"time\":1659253727234}","213788":"s{\"page\":\"2\",\"lastFloor\":\"48\",\"lastAnchor\":\"pid37896274\",\"time\":1659448844587}","213832":"s{\"page\":\"1\",\"lastFloor\":\"1\",\"lastAnchor\":\"pid37896679\",\"time\":1659448800578}","214853":"s{\"page\":\"1\",\"lastFloor\":\"164\",\"lastAnchor\":\"pid37924225\",\"time\":1659447806135}","219402":"s{\"page\":\"1\",\"lastFloor\":\"74\",\"lastAnchor\":\"pid38073913\",\"time\":1659447773037}","222319":"s{\"page\":\"1\",\"lastFloor\":\"70\",\"lastAnchor\":\"pid38145250\",\"time\":1659249304285}","224337":"s{\"page\":\"1\",\"lastFloor\":\"85\",\"lastAnchor\":\"pid38196050\",\"time\":1659696967525}","228528":"s{\"page\":\"1\",\"lastFloor\":\"123\",\"lastAnchor\":\"pid38241456\",\"time\":1659444443611}","229080":"s{\"page\":\"1\",\"lastFloor\":\"60\",\"lastAnchor\":\"pid38259005\",\"time\":1660788020822}","229473":"s{\"page\":\"1\",\"lastFloor\":\"57\",\"lastAnchor\":\"pid38264079\",\"time\":1659701788318}","243846":"s{\"page\":\"1\",\"lastFloor\":\"73\",\"lastAnchor\":\"pid38443944\",\"time\":1660787968386}","247505":"s{\"page\":\"2\",\"lastFloor\":\"38\",\"lastAnchor\":\"pid38498599\",\"time\":1659863545500}","248291":"s{\"page\":\"1\",\"lastFloor\":\"161\",\"lastAnchor\":\"pid38518732\",\"time\":1659445420018}","251253":"s{\"page\":\"3\",\"lastFloor\":\"67\",\"lastAnchor\":\"pid39059192\",\"time\":1659252418214}","253509":"s{\"page\":\"1\",\"lastFloor\":\"157\",\"lastAnchor\":\"pid38621331\",\"time\":1659443782754}","254287":"s{\"page\":\"1\",\"lastFloor\":\"89\",\"lastAnchor\":\"pid38652002\",\"time\":1659448844598}","254500":"s{\"page\":\"1\",\"lastFloor\":\"118\",\"lastAnchor\":\"pid38659424\",\"time\":1660624604648}","254996":"s{\"page\":\"1\",\"lastFloor\":\"34\",\"lastAnchor\":\"pid38672978\",\"time\":1659440312136}","254997":"s{\"page\":\"1\",\"lastFloor\":\"65\",\"lastAnchor\":\"pid38673085\",\"time\":1660624646501}","255548":"s{\"page\":\"14\",\"lastFloor\":\"274\",\"lastAnchor\":\"pid40463343\",\"time\":1659510487953}","255779":"s{\"page\":\"1\",\"lastFloor\":\"375\",\"lastAnchor\":\"pid38695568\",\"time\":1675141578701}","256749":"s{\"page\":\"2\",\"lastFloor\":\"20\",\"lastAnchor\":\"pid38717014\",\"time\":1659449960462}","261617":"s{\"page\":\"4\",\"lastFloor\":\"173\",\"lastAnchor\":\"pid38751734\",\"time\":1659443776107}","261624":"s{\"page\":\"1\",\"lastFloor\":\"44\",\"lastAnchor\":\"pid38751787\",\"time\":1659443708829}","261840":"s{\"page\":\"1\",\"lastFloor\":\"7\",\"lastAnchor\":\"pid38766898\",\"time\":1659429083244}","472176":"s{\"page\":\"1\",\"lastFloor\":\"92\",\"lastAnchor\":\"pid38996816\",\"time\":1659429578286}","472345":"s{\"page\":\"1\",\"lastFloor\":\"220\",\"lastAnchor\":\"pid39000035\",\"time\":1660218083035}","474619":"s{\"page\":\"1\",\"lastFloor\":\"72\",\"lastAnchor\":\"pid39037954\",\"time\":1659442769882}","475061":"s{\"page\":\"2\",\"lastFloor\":\"28\",\"lastAnchor\":\"pid39072190\",\"time\":1674731961159}","476077":"s{\"page\":\"1\",\"lastFloor\":\"2\",\"lastAnchor\":\"pid39074880\",\"time\":1659429117181}","476211":"s{\"page\":\"1\",\"lastFloor\":\"10\",\"lastAnchor\":\"pid39077658\",\"time\":1659420171304}","476991":"s{\"page\":\"1\",\"lastFloor\":\"74\",\"lastAnchor\":\"pid39097138\",\"time\":1659429436675}","477161":"s{\"page\":\"1\",\"lastFloor\":\"147\",\"lastAnchor\":\"pid39101669\",\"time\":1659443948190}","491744":"s{\"page\":\"1\",\"lastFloor\":\"11\",\"lastAnchor\":\"pid39136147\",\"time\":1659242616163}","491927":"s{\"page\":\"1\",\"lastFloor\":\"16\",\"lastAnchor\":\"pid39142459\",\"time\":1659242560525}","491940":"s{\"page\":\"3\",\"lastFloor\":\"51\",\"lastAnchor\":\"pid39185755\",\"time\":1659442883238}","491966":"s{\"page\":\"1\",\"lastFloor\":\"13\",\"lastAnchor\":\"pid39143206\",\"time\":1659245177447}","492102":"s{\"page\":\"2\",\"lastFloor\":\"25\",\"lastAnchor\":\"pid39147695\",\"time\":1661489609999}","492746":"s{\"page\":\"1\",\"lastFloor\":\"31\",\"lastAnchor\":\"pid39166018\",\"time\":1659443985259}","492847":"s{\"page\":\"3\",\"lastFloor\":\"51\",\"lastAnchor\":\"pid39176437\",\"time\":1659443399041}","492936":"s{\"page\":\"1\",\"lastFloor\":\"19\",\"lastAnchor\":\"pid39171914\",\"time\":1661489511125}","492972":"s{\"page\":\"3\",\"lastFloor\":\"103\",\"lastAnchor\":\"pid39173382\",\"time\":1659444381574}","493598":"s{\"page\":\"1\",\"lastFloor\":\"18\",\"lastAnchor\":\"pid39189285\",\"time\":1659441393582}","494099":"s{\"page\":\"1\",\"lastFloor\":\"13\",\"lastAnchor\":\"pid39203047\",\"time\":1659440290273}","494524":"s{\"page\":\"1\",\"lastAnchor\":\"pid39222064\",\"time\":1659359456305}","494604":"s{\"page\":\"1\",\"lastFloor\":\"48\",\"lastAnchor\":\"pid39229646\",\"time\":1659441906304}","494779":"s{\"page\":\"1\",\"lastFloor\":\"28\",\"lastAnchor\":\"pid39233174\",\"time\":1659440186449}","494948":"s{\"page\":\"1\",\"lastFloor\":\"7\",\"lastAnchor\":\"pid39240275\",\"time\":1659863328409}","495530":"s{\"page\":\"1\",\"lastFloor\":\"0\",\"lastAnchor\":\"pid39258790\",\"time\":1659446223156}","496173":"s{\"page\":\"1\",\"lastFloor\":\"18\",\"lastAnchor\":\"pid39319988\",\"time\":1660787950022}","496793":"s{\"page\":\"2\",\"lastFloor\":\"266\",\"lastAnchor\":\"pid39294245\",\"time\":1659243401977}","497729":"s{\"page\":\"1\",\"lastFloor\":\"32\",\"lastAnchor\":\"pid39313719\",\"time\":1659441589839}","497856":"s{\"page\":\"1\",\"lastFloor\":\"45\",\"lastAnchor\":\"pid39316677\",\"time\":1659695904772}","498428":"s{\"page\":\"1\",\"lastFloor\":\"7\",\"lastAnchor\":\"pid39331937\",\"time\":1659440140749}","501929":"s{\"page\":\"1\",\"lastFloor\":\"11\",\"lastAnchor\":\"pid39443247\",\"time\":1679841512146}","502520":"s{\"page\":\"2\",\"lastFloor\":\"53\",\"lastAnchor\":\"pid39593146\",\"time\":1676716138590}","503913":"s{\"page\":\"1\",\"lastFloor\":\"12\",\"lastAnchor\":\"pid39497617\",\"time\":1659249219093}","504437":"s{\"page\":\"1\",\"lastFloor\":\"9\",\"lastAnchor\":\"pid39513322\",\"time\":1659249190135}","504505":"s{\"page\":\"4\",\"lastFloor\":\"70\",\"lastAnchor\":\"pid40457552\",\"time\":1659250466419}","504536":"s{\"page\":\"6\",\"lastFloor\":\"119\",\"lastAnchor\":\"pid39513157\",\"time\":1674648398764}","504582":"s{\"page\":\"1\",\"lastFloor\":\"59\",\"lastAnchor\":\"pid39516166\",\"time\":1659696850839}","504689":"s{\"page\":\"1\",\"lastFloor\":\"4\",\"lastAnchor\":\"pid39522208\",\"time\":1659248480925}","504735":"s{\"page\":\"19\",\"lastFloor\":\"381\",\"lastAnchor\":\"pid39726713\",\"time\":1661489111182}","505248":"s{\"page\":\"1\",\"lastFloor\":\"51\",\"lastAnchor\":\"pid39555298\",\"time\":1659449081849}","505633":"s{\"page\":\"1\",\"lastFloor\":\"111\",\"lastAnchor\":\"pid39573993\",\"time\":1659440140724}","505635":"s{\"page\":\"3\",\"lastFloor\":\"58\",\"lastAnchor\":\"pid39581303\",\"time\":1659696781401}","506177":"s{\"page\":\"1\",\"lastFloor\":\"77\",\"lastAnchor\":\"pid39602682\",\"time\":1674648452479}","506195":"s{\"page\":\"1\",\"lastFloor\":\"181\",\"lastAnchor\":\"pid39603574\",\"time\":1659441453900}","506565":"s{\"page\":\"1\",\"lastFloor\":\"44\",\"lastAnchor\":\"pid39621373\",\"time\":1676000345327}","506742":"s{\"page\":\"12\",\"lastFloor\":\"231\",\"lastAnchor\":\"pid40481060\",\"time\":1661488896664}","507634":"s{\"page\":\"1\",\"lastFloor\":\"7\",\"lastAnchor\":\"pid39672996\",\"time\":1659253647260}","508241":"s{\"page\":\"1\",\"lastFloor\":\"6\",\"lastAnchor\":\"pid39698896\",\"time\":1659249118102}","508707":"s{\"page\":\"288\",\"lastFloor\":\"6202\",\"lastAnchor\":\"pid40690143\",\"time\":1680509711381}","508906":"s{\"page\":\"5\",\"lastFloor\":\"118\",\"lastAnchor\":\"pid39756828\",\"time\":1659451155564}","509048":"s{\"page\":\"8\",\"lastFloor\":\"150\",\"lastAnchor\":\"pid40104169\",\"time\":1659701664959}","509662":"s{\"page\":\"2\",\"lastFloor\":\"29\",\"lastAnchor\":\"pid39758230\",\"time\":1676287389586}","509812":"s{\"page\":\"1\",\"lastFloor\":\"393\",\"lastAnchor\":\"pid39764328\",\"time\":1659447725518}","510416":"s{\"page\":\"1\",\"lastFloor\":\"0\",\"lastAnchor\":\"pid39785036\",\"time\":1659446170777}","510906":"s{\"page\":\"1\",\"lastFloor\":\"9\",\"lastAnchor\":\"pid39802994\",\"time\":1659696447442}","511040":"s{\"page\":\"1\",\"lastFloor\":\"7\",\"lastAnchor\":\"pid39807940\",\"time\":1659249072384}","511171":"s{\"page\":\"1\",\"lastFloor\":\"8\",\"lastAnchor\":\"pid40363261\",\"time\":1660795286704}","511763":"s{\"page\":\"1\",\"lastFloor\":\"13\",\"lastAnchor\":\"pid39897931\",\"time\":1675678067170}","512176":"s{\"page\":\"1\",\"lastFloor\":\"239\",\"lastAnchor\":\"pid39855228\",\"time\":1660795344925}","512416":"s{\"page\":\"1\",\"lastFloor\":\"2\",\"lastAnchor\":\"pid39865588\",\"time\":1659249050563}","512547":"s{\"page\":\"1\",\"lastFloor\":\"3\",\"lastAnchor\":\"pid39875979\",\"time\":1659242662440}","512969":"s{\"page\":\"1\",\"lastFloor\":\"32\",\"lastAnchor\":\"pid39896280\",\"time\":1659696730626}","513123":"s{\"page\":\"10\",\"lastFloor\":\"210\",\"lastAnchor\":\"pid40597217\",\"time\":1675095698087}","513157":"s{\"page\":\"1\",\"lastFloor\":\"14\",\"lastAnchor\":\"pid39903767\",\"time\":1659440358771}","513945":"s{\"page\":\"1\",\"lastFloor\":\"2\",\"lastAnchor\":\"pid39932169\",\"time\":1659249006653}","513998":"s{\"page\":\"2\",\"lastFloor\":\"1044\",\"lastAnchor\":\"pid39934486\",\"time\":1659246707480}","514027":"s{\"page\":\"1\",\"lastFloor\":\"19\",\"lastAnchor\":\"pid40641647\",\"time\":1675095634882}","514925":"s{\"page\":\"1\",\"lastFloor\":\"25\",\"lastAnchor\":\"pid40215650\",\"time\":1660795209248}","514951":"s{\"page\":\"2\",\"lastFloor\":\"40\",\"lastAnchor\":\"pid40641658\",\"time\":1675141427375}","515911":"s{\"page\":\"5\",\"lastFloor\":\"190\",\"lastAnchor\":\"pid40295429\",\"time\":1659251596337}","516179":"s{\"page\":\"1\",\"lastFloor\":\"27\",\"lastAnchor\":\"pid40010892\",\"time\":1659440326091}","517183":"s{\"page\":\"1\",\"lastFloor\":\"78\",\"lastAnchor\":\"pid40049652\",\"time\":1660795219339}","517288":"s{\"page\":\"1\",\"lastFloor\":\"15\",\"lastAnchor\":\"pid40054011\",\"time\":1659696712835}","518062":"s{\"page\":\"6\",\"lastFloor\":\"122\",\"lastAnchor\":\"pid40475274\",\"time\":1660743435373}","518527":"s{\"page\":\"4\",\"lastFloor\":\"78\",\"lastAnchor\":\"pid40133984\",\"time\":1659445322425}","519085":"s{\"page\":\"1\",\"lastFloor\":\"338\",\"lastAnchor\":\"pid40125989\",\"time\":1660743544720}","519533":"s{\"page\":\"1\",\"lastAnchor\":\"pid40147622\",\"time\":1659446107773}","519597":"s{\"page\":\"6\",\"lastFloor\":\"118\",\"lastAnchor\":\"pid40451814\",\"time\":1659420981587}","519844":"s{\"page\":\"1\",\"lastFloor\":\"56\",\"lastAnchor\":\"pid40160637\",\"time\":1659446126662}","519989":"s{\"page\":\"1\",\"lastFloor\":\"139\",\"lastAnchor\":\"pid40165957\",\"time\":1659252459876}","520079":"s{\"page\":\"1\",\"lastFloor\":\"12\",\"lastAnchor\":\"pid40169197\",\"time\":1659251211201}","520222":"s{\"page\":\"1\",\"lastFloor\":\"3069\",\"lastAnchor\":\"pid40174664\",\"time\":1659250504362}","521113":"s{\"page\":\"1\",\"lastFloor\":\"42\",\"lastAnchor\":\"pid40203154\",\"time\":1659447961507}","521392":"s{\"page\":\"1\",\"lastFloor\":\"42\",\"lastAnchor\":\"pid40345893\",\"time\":1659252541345}","521400":"s{\"page\":\"23\",\"lastFloor\":\"460\",\"lastAnchor\":\"pid40457927\",\"time\":1660795069210}","521464":"s{\"page\":\"1\",\"lastFloor\":\"115\",\"lastAnchor\":\"pid40213094\",\"time\":1659251832890}","521664":"s{\"page\":\"1\",\"lastFloor\":\"24\",\"lastAnchor\":\"pid40285067\",\"time\":1659246977489}","521700":"s{\"page\":\"1\",\"lastFloor\":\"16\",\"lastAnchor\":\"pid40220576\",\"time\":1660795161109}","522038":"s{\"page\":\"6\",\"lastFloor\":\"118\",\"lastAnchor\":\"pid40475895\",\"time\":1660788840233}","522231":"s{\"page\":\"1\",\"lastFloor\":\"24\",\"lastAnchor\":\"pid40247833\",\"time\":1659413747045}","522323":"s{\"page\":\"1\",\"lastFloor\":\"3\",\"lastAnchor\":\"pid40252876\",\"time\":1659250778955}","522326":"s{\"page\":\"1\",\"lastFloor\":\"7\",\"lastAnchor\":\"pid40251772\",\"time\":1659242770657}","522616":"s{\"page\":\"1\",\"lastFloor\":\"20\",\"lastAnchor\":\"pid40424138\",\"time\":1660787728523}","523138":"s{\"page\":\"1\",\"lastFloor\":\"448\",\"lastAnchor\":\"pid40283050\",\"time\":1659413677093}","523243":"s{\"page\":\"1\",\"lastFloor\":\"44\",\"lastAnchor\":\"pid40286774\",\"time\":1660746051677}","523331":"s{\"page\":\"2\",\"lastFloor\":\"40\",\"lastAnchor\":\"pid40475354\",\"time\":1660787866183}","523770":"s{\"page\":\"1\",\"lastFloor\":\"2\",\"lastAnchor\":\"pid40300779\",\"time\":1659248502905}","524075":"s{\"page\":\"1\",\"lastFloor\":\"35\",\"lastAnchor\":\"pid40308509\",\"time\":1659696360071}","524546":"s{\"page\":\"1\",\"lastFloor\":\"28\",\"lastAnchor\":\"pid40326030\",\"time\":1659446675591}","524631":"s{\"page\":\"1\",\"lastFloor\":\"103\",\"lastAnchor\":\"pid40329301\",\"time\":1674805988228}","524666":"s{\"page\":\"1\",\"lastFloor\":\"7\",\"lastAnchor\":\"pid40457572\",\"time\":1659449266983}","524687":"s{\"page\":\"1\",\"lastFloor\":\"32\",\"lastAnchor\":\"pid40331718\",\"time\":1659498122667}","525042":"s{\"page\":\"2\",\"lastFloor\":\"37\",\"lastAnchor\":\"pid40483128\",\"time\":1661489111164}","525227":"s{\"page\":\"5\",\"lastFloor\":\"82\",\"lastAnchor\":\"pid40457587\",\"time\":1659250389987}","525294":"s{\"page\":\"1\",\"lastFloor\":\"1\",\"lastAnchor\":\"pid40353243\",\"time\":1659248954630}","525302":"s{\"page\":\"1\",\"lastFloor\":\"2\",\"lastAnchor\":\"pid40353662\",\"time\":1659250309902}","525371":"s{\"page\":\"1\",\"lastFloor\":\"50\",\"lastAnchor\":\"pid40356128\",\"time\":1661489356571}","525416":"s{\"page\":\"1\",\"lastFloor\":\"2\",\"lastAnchor\":\"pid40358367\",\"time\":1660746235254}","525432":"s{\"page\":\"1\",\"lastFloor\":\"327\",\"lastAnchor\":\"pid40359088\",\"time\":1675096290515}","525520":"s{\"page\":\"1\",\"lastFloor\":\"1\",\"lastAnchor\":\"pid40361896\",\"time\":1659250251635}","525662":"s{\"page\":\"1\",\"lastFloor\":\"37\",\"lastAnchor\":\"pid40368248\",\"time\":1659603109803}","525666":"s{\"page\":\"1\",\"lastFloor\":\"2\",\"lastAnchor\":\"pid40368352\",\"time\":1659249596895}","525734":"s{\"page\":\"3\",\"lastFloor\":\"47\",\"lastAnchor\":\"pid40482067\",\"time\":1661489313662}","525742":"s{\"page\":\"4\",\"lastFloor\":\"78\",\"lastAnchor\":\"pid40475351\",\"time\":1660745672240}","525753":"s{\"page\":\"1\",\"lastFloor\":\"3\",\"lastAnchor\":\"pid40371221\",\"time\":1660795182127}","525794":"s{\"page\":\"1\",\"lastFloor\":\"1\",\"lastAnchor\":\"pid40372175\",\"time\":1659250800137}","525850":"s{\"page\":\"1\",\"lastFloor\":\"2\",\"lastAnchor\":\"pid40374108\",\"time\":1659249909241}","525877":"s{\"page\":\"2\",\"lastFloor\":\"28\",\"lastAnchor\":\"pid40383127\",\"time\":1660788184780}","525903":"s{\"page\":\"1\",\"lastFloor\":\"22\",\"lastAnchor\":\"pid40475140\",\"time\":1660743467961}","525959":"s{\"page\":\"1\",\"lastFloor\":\"1\",\"lastAnchor\":\"pid40378479\",\"time\":1659249922366}","526013":"s{\"page\":\"1\",\"lastFloor\":\"97\",\"lastAnchor\":\"pid40380719\",\"time\":1660571618970}","526046":"s{\"page\":\"1\",\"lastFloor\":\"5\",\"lastAnchor\":\"pid40381979\",\"time\":1659248495703}","526070":"s{\"page\":\"1\",\"lastFloor\":\"5\",\"lastAnchor\":\"pid40382725\",\"time\":1659250778973}","526135":"s{\"page\":\"31\",\"lastFloor\":\"665\",\"lastAnchor\":\"pid40464058\",\"time\":1659581663378}","526179":"s{\"page\":\"1\",\"lastFloor\":\"12\",\"lastAnchor\":\"pid40386343\",\"time\":1659249862646}","526222":"s{\"page\":\"1\",\"lastFloor\":\"1\",\"lastAnchor\":\"pid40387878\",\"time\":1659244688328}","526273":"s{\"page\":\"2\",\"lastFloor\":\"45\",\"lastAnchor\":\"pid40462743\",\"time\":1659498053405}","526403":"s{\"page\":\"1\",\"lastFloor\":\"4\",\"lastAnchor\":\"pid40395291\",\"time\":1659250487888}","526522":"s{\"page\":\"1\",\"lastFloor\":\"2\",\"lastAnchor\":\"pid40399807\",\"time\":1659250732875}","526561":"s{\"page\":\"5\",\"lastFloor\":\"102\",\"lastAnchor\":\"pid40462886\",\"time\":1659510575248}","526666":"s{\"page\":\"1\",\"lastFloor\":\"10\",\"lastAnchor\":\"pid40403784\",\"time\":1660795330492}","526699":"s{\"page\":\"3\",\"lastFloor\":\"59\",\"lastAnchor\":\"pid40460252\",\"time\":1659342778272}","526735":"s{\"page\":\"1\",\"lastFloor\":\"19\",\"lastAnchor\":\"pid40407020\",\"time\":1659245203024}","526740":"s{\"page\":\"1\",\"lastFloor\":\"27\",\"lastAnchor\":\"pid40407306\",\"time\":1660795276732}","526799":"s{\"page\":\"7\",\"lastFloor\":\"124\",\"lastAnchor\":\"pid40462849\",\"time\":1659448486920}","526873":"s{\"page\":\"1\",\"lastFloor\":\"5\",\"lastAnchor\":\"pid40412146\",\"time\":1659249812637}","526941":"s{\"page\":\"4\",\"lastFloor\":\"79\",\"lastAnchor\":\"pid40449138\",\"time\":1659343037979}","526949":"s{\"page\":\"1\",\"lastFloor\":\"12\",\"lastAnchor\":\"pid40483126\",\"time\":1661488843279}","526958":"s{\"page\":\"2\",\"lastFloor\":\"47\",\"lastAnchor\":\"pid40454659\",\"time\":1659249769376}","527101":"s{\"page\":\"3\",\"lastFloor\":\"44\",\"lastAnchor\":\"pid40457581\",\"time\":1659250385951}","527108":"s{\"page\":\"2\",\"lastFloor\":\"34\",\"lastAnchor\":\"pid40427726\",\"time\":1659696668799}","527306":"s{\"page\":\"1\",\"lastFloor\":\"7\",\"lastAnchor\":\"pid40444597\",\"time\":1659696246885}","527442":"s{\"page\":\"1\",\"lastFloor\":\"54\",\"lastAnchor\":\"pid40432330\",\"time\":1661489303066}","527566":"s{\"page\":\"2\",\"lastFloor\":\"28\",\"lastAnchor\":\"pid40455095\",\"time\":1659244394903}","527581":"s{\"page\":\"1\",\"lastFloor\":\"2\",\"lastAnchor\":\"pid40437994\",\"time\":1659428964131}","527599":"s{\"page\":\"1\",\"lastFloor\":\"39\",\"lastAnchor\":\"pid40437583\",\"time\":1659696688979}","527610":"s{\"page\":\"1\",\"lastFloor\":\"3\",\"lastAnchor\":\"pid40437918\",\"time\":1660744245666}","527616":"s{\"page\":\"1\",\"lastAnchor\":\"pid40438166\",\"time\":1660744175021}","527678":"s{\"page\":\"6\",\"lastFloor\":\"111\",\"lastAnchor\":\"pid40463170\",\"time\":1659770829016}","527771":"s{\"page\":\"2\",\"lastFloor\":\"65\",\"lastAnchor\":\"pid40463930\",\"time\":1659581106564}","527868":"s{\"page\":\"3\",\"lastFloor\":\"44\",\"lastAnchor\":\"pid40471794\",\"time\":1660788460004}","527903":"s{\"page\":\"1\",\"lastFloor\":\"122\",\"lastAnchor\":\"pid40448779\",\"time\":1659701476673}","527944":"s{\"page\":\"1\",\"lastFloor\":\"17\",\"lastAnchor\":\"pid40451326\",\"time\":1659696546376}","527963":"s{\"page\":\"1\",\"lastFloor\":\"5\",\"lastAnchor\":\"pid40463443\",\"time\":1659497952289}","527983":"s{\"page\":\"1\",\"lastFloor\":\"27\",\"lastAnchor\":\"pid40472889\",\"time\":1661489416257}","528043":"s{\"page\":\"3\",\"lastFloor\":\"59\",\"lastAnchor\":\"pid40463105\",\"time\":1659446689935}","528061":"s{\"page\":\"1\",\"lastFloor\":\"41\",\"lastAnchor\":\"pid40456253\",\"time\":1660745828436}","528098":"s{\"page\":\"1\",\"lastFloor\":\"8\",\"lastAnchor\":\"pid40458192\",\"time\":1659250359242}","528149":"s{\"page\":\"1\",\"lastFloor\":\"19\",\"lastAnchor\":\"pid40459983\",\"time\":1659342994072}","528178":"s{\"page\":\"1\",\"lastFloor\":\"2\",\"lastAnchor\":\"pid40460092\",\"time\":1659242411454}","528192":"s{\"page\":\"1\",\"lastFloor\":\"8\",\"lastAnchor\":\"pid40460522\",\"time\":1659242848730}","528211":"s{\"page\":\"1\",\"lastFloor\":\"0\",\"lastAnchor\":\"pid40461226\",\"time\":1660794927864}","528219":"s{\"page\":\"1\",\"lastFloor\":\"5\",\"lastAnchor\":\"pid40461384\",\"time\":1659342118981}","528236":"s{\"page\":\"1\",\"lastFloor\":\"16\",\"lastAnchor\":\"pid40462093\",\"time\":1659342413925}","528248":"s{\"page\":\"1\",\"lastFloor\":\"23\",\"lastAnchor\":\"pid40462082\",\"time\":1659397485360}","528256":"s{\"page\":\"2\",\"lastFloor\":\"33\",\"lastAnchor\":\"pid40465123\",\"time\":1659695785673}","528265":"s{\"page\":\"1\",\"lastFloor\":\"13\",\"lastAnchor\":\"pid40462595\",\"time\":1659446872678}","528271":"s{\"page\":\"2\",\"lastFloor\":\"32\",\"lastAnchor\":\"pid40463464\",\"time\":1659695960937}","528275":"s{\"page\":\"1\",\"lastFloor\":\"23\",\"lastAnchor\":\"pid40463399\",\"time\":1659510205637}","528289":"s{\"page\":\"1\",\"lastFloor\":\"17\",\"lastAnchor\":\"pid40463813\",\"time\":1659695874106}","528294":"s{\"page\":\"1\",\"lastFloor\":\"17\",\"lastAnchor\":\"pid40463794\",\"time\":1659697075081}","528295":"s{\"page\":\"2\",\"lastFloor\":\"33\",\"lastAnchor\":\"pid40464684\",\"time\":1660218223517}","528301":"s{\"page\":\"1\",\"lastFloor\":\"10\",\"lastAnchor\":\"pid40464233\",\"time\":1659697075066}","528310":"s{\"page\":\"1\",\"lastFloor\":\"0\",\"lastAnchor\":\"pid40464310\",\"time\":1659603053332}","528323":"s{\"page\":\"1\",\"lastFloor\":\"8\",\"lastAnchor\":\"pid40465040\",\"time\":1659695840869}","528334":"s{\"page\":\"1\",\"lastFloor\":\"12\",\"lastAnchor\":\"pid40465610\",\"time\":1659767062551}","528337":"s{\"page\":\"1\",\"lastFloor\":\"27\",\"lastAnchor\":\"pid40466884\",\"time\":1660788344654}","528350":"s{\"page\":\"1\",\"lastFloor\":\"10\",\"lastAnchor\":\"pid40466351\",\"time\":1659863986253}","528354":"s{\"page\":\"1\",\"lastFloor\":\"2\",\"lastAnchor\":\"pid40465876\",\"time\":1660794915361}","528363":"s{\"page\":\"1\",\"lastFloor\":\"7\",\"lastAnchor\":\"pid40466280\",\"time\":1659863244515}","528383":"s{\"page\":\"1\",\"lastFloor\":\"22\",\"lastAnchor\":\"pid40467281\",\"time\":1661489193972}","528385":"s{\"page\":\"1\",\"lastFloor\":\"21\",\"lastAnchor\":\"pid40468770\",\"time\":1660218221893}","528442":"s{\"page\":\"1\",\"lastFloor\":\"54\",\"lastAnchor\":\"pid40468423\",\"time\":1660218101887}","528448":"s{\"page\":\"1\",\"lastFloor\":\"38\",\"lastAnchor\":\"pid40469110\",\"time\":1660744067616}","528465":"s{\"page\":\"1\",\"lastFloor\":\"20\",\"lastAnchor\":\"pid40469591\",\"time\":1660268788289}","528484":"s{\"page\":\"1\",\"lastFloor\":\"42\",\"lastAnchor\":\"pid40470485\",\"time\":1660571515943}","528526":"s{\"page\":\"1\",\"lastFloor\":\"13\",\"lastAnchor\":\"pid40474357\",\"time\":1660788284394}","528563":"s{\"page\":\"1\",\"lastFloor\":\"11\",\"lastAnchor\":\"pid40473650\",\"time\":1660787755809}","528587":"s{\"page\":\"1\",\"lastFloor\":\"11\",\"lastAnchor\":\"pid40474951\",\"time\":1660793986850}","528610":"s{\"page\":\"1\",\"lastFloor\":\"1\",\"lastAnchor\":\"pid40475470\",\"time\":1660792775312}","528662":"s{\"page\":\"1\",\"lastAnchor\":\"pid40476644\",\"time\":1660896247176}","528724":"s{\"page\":\"7\",\"lastFloor\":\"129\",\"lastAnchor\":\"pid40642540\",\"time\":1675095603193}","528763":"s{\"page\":\"1\",\"lastFloor\":\"14\",\"lastAnchor\":\"pid40481873\",\"time\":1661489484101}","529132":"s{\"page\":\"1\",\"lastFloor\":\"20\",\"lastAnchor\":\"pid40494718\",\"time\":1676095597407}","529212":"s{\"page\":\"7\",\"lastFloor\":\"171\",\"lastAnchor\":\"pid40612245\",\"time\":1675095484265}","529518":"s{\"page\":\"1\",\"lastFloor\":\"11\",\"lastAnchor\":\"pid40507539\",\"time\":1675677788720}","529941":"s{\"page\":\"4\",\"lastFloor\":\"79\",\"lastAnchor\":\"pid40560611\",\"time\":1674805995452}","530617":"s{\"page\":\"1\",\"lastFloor\":\"29\",\"lastAnchor\":\"pid40560684\",\"time\":1675678843162}","531402":"s{\"page\":\"36\",\"lastFloor\":\"709\",\"lastAnchor\":\"pid40606448\",\"time\":1675680247863}","531923":"s{\"page\":\"2\",\"lastFloor\":\"34\",\"lastAnchor\":\"pid40643217\",\"time\":1675676906144}","532087":"s{\"page\":\"1\",\"lastFloor\":\"28\",\"lastAnchor\":\"pid40626935\",\"time\":1676095624229}","532165":"s{\"page\":\"1\",\"lastFloor\":\"24\",\"lastAnchor\":\"pid40629308\",\"time\":1676095558022}","532179":"s{\"page\":\"1\",\"lastFloor\":\"75\",\"lastAnchor\":\"pid40630015\",\"time\":1674805711650}","532204":"s{\"page\":\"1\",\"lastFloor\":\"17\",\"lastAnchor\":\"pid40631598\",\"time\":1675096290487}","532209":"s{\"page\":\"1\",\"lastFloor\":\"55\",\"lastAnchor\":\"pid40630977\",\"time\":1675093938082}","532404":"s{\"page\":\"1\",\"lastFloor\":\"72\",\"lastAnchor\":\"pid40636106\",\"time\":1675093956767}","532470":"s{\"page\":\"1\",\"lastFloor\":\"25\",\"lastAnchor\":\"pid40638078\",\"time\":1674732079322}","532476":"s{\"page\":\"2\",\"lastFloor\":\"30\",\"lastAnchor\":\"pid40638716\",\"time\":1674732056740}","532488":"s{\"page\":\"1\",\"lastFloor\":\"0\",\"lastAnchor\":\"pid40638831\",\"time\":1674805821919}","532494":"s{\"page\":\"1\",\"lastFloor\":\"20\",\"lastAnchor\":\"pid40639421\",\"time\":1674805703709}","532516":"s{\"page\":\"2\",\"lastFloor\":\"52\",\"lastAnchor\":\"pid40640128\",\"time\":1675139574978}","532586":"s{\"page\":\"1\",\"lastFloor\":\"62\",\"lastAnchor\":\"pid40642125\",\"time\":1675094029335}","532589":"s{\"page\":\"1\",\"lastFloor\":\"13\",\"lastAnchor\":\"pid40643008\",\"time\":1675093776020}","532597":"s{\"page\":\"2\",\"lastFloor\":\"59\",\"lastAnchor\":\"pid40642620\",\"time\":1675139365501}","532598":"s{\"page\":\"1\",\"lastFloor\":\"10\",\"lastAnchor\":\"pid40642930\",\"time\":1675093711308}","532611":"s{\"page\":\"1\",\"lastFloor\":\"3\",\"lastAnchor\":\"pid40643051\",\"time\":1675095597121}","532618":"s{\"page\":\"5\",\"lastFloor\":\"83\",\"lastAnchor\":\"pid40654824\",\"time\":1676263379584}","532639":"s{\"page\":\"2\",\"lastFloor\":\"25\",\"lastAnchor\":\"pid40647405\",\"time\":1675521779585}","532670":"s{\"page\":\"2\",\"lastFloor\":\"36\",\"lastAnchor\":\"pid40645093\",\"time\":1676555137585}","532757":"s{\"page\":\"2\",\"lastFloor\":\"62\",\"lastAnchor\":\"pid40647267\",\"time\":1675521666620}","532762":"s{\"page\":\"1\",\"lastFloor\":\"25\",\"lastAnchor\":\"pid40647587\",\"time\":1675521714540}","532768":"s{\"page\":\"1\",\"lastFloor\":\"7\",\"lastAnchor\":\"pid40647433\",\"time\":1675521732263}","532782":"s{\"page\":\"1\",\"lastFloor\":\"13\",\"lastAnchor\":\"pid40647957\",\"time\":1675581466339}","532814":"s{\"page\":\"1\",\"lastFloor\":\"19\",\"lastAnchor\":\"pid40654288\",\"time\":1676261975878}","532834":"s{\"page\":\"1\",\"lastFloor\":\"12\",\"lastAnchor\":\"pid40650192\",\"time\":1675778709443}","532845":"s{\"page\":\"1\",\"lastFloor\":\"13\",\"lastAnchor\":\"pid40650178\",\"time\":1675778746623}","532852":"s{\"page\":\"1\",\"lastFloor\":\"13\",\"lastAnchor\":\"pid40652350\",\"time\":1676000310613}","532881":"s{\"page\":\"5\",\"lastFloor\":\"89\",\"lastAnchor\":\"pid40652371\",\"time\":1676095252897}","532918":"s{\"page\":\"1\",\"lastFloor\":\"2\",\"lastAnchor\":\"pid40652404\",\"time\":1676003639045}","532927":"s{\"page\":\"2\",\"lastFloor\":\"33\",\"lastAnchor\":\"pid40654196\",\"time\":1676261661293}","532960":"s{\"page\":\"1\",\"lastFloor\":\"0\",\"lastAnchor\":\"pid40653266\",\"time\":1676095591491}","532986":"s{\"page\":\"1\",\"lastFloor\":\"5\",\"lastAnchor\":\"pid40654152\",\"time\":1676263365832}","532990":"s{\"page\":\"1\",\"lastFloor\":\"41\",\"lastAnchor\":\"pid40654340\",\"time\":1676263486733}","533023":"s{\"page\":\"1\",\"lastFloor\":\"1\",\"lastAnchor\":\"pid40654889\",\"time\":1676262001086}","533031":"s{\"page\":\"2\",\"lastFloor\":\"35\",\"lastAnchor\":\"pid40655238\",\"time\":1676277805082}","533032":"s{\"page\":\"1\",\"lastFloor\":\"18\",\"lastAnchor\":\"pid40654963\",\"time\":1676277819894}","533041":"s{\"page\":\"2\",\"lastFloor\":\"34\",\"lastAnchor\":\"pid40658066\",\"time\":1676554801921}","533058":"s{\"page\":\"2\",\"lastFloor\":\"35\",\"lastAnchor\":\"pid40656272\",\"time\":1676555021633}","533116":"s{\"page\":\"1\",\"lastFloor\":\"2\",\"lastAnchor\":\"pid40658083\",\"time\":1676554695191}","533130":"s{\"page\":\"1\",\"lastFloor\":\"4\",\"lastAnchor\":\"pid40657563\",\"time\":1676554645768}","533138":"s{\"page\":\"1\",\"lastFloor\":\"15\",\"lastAnchor\":\"pid40657984\",\"time\":1676554603018}","533142":"s{\"page\":\"1\",\"lastFloor\":\"6\",\"lastAnchor\":\"pid40658863\",\"time\":1676640340578}","533299":"s{\"page\":\"1\",\"lastFloor\":\"56\",\"lastAnchor\":\"pid40662411\",\"time\":1680509621730}","533302":"s{\"page\":\"1\",\"lastFloor\":\"58\",\"lastAnchor\":\"pid40662858\",\"time\":1680245046820}","533455":"s{\"page\":\"1\",\"lastFloor\":\"6\",\"lastAnchor\":\"pid40670823\",\"time\":1678079579310}","533553":"s{\"page\":\"1\",\"lastFloor\":\"3\",\"lastAnchor\":\"pid40670128\",\"time\":1678079621224}","533573":"s{\"page\":\"1\",\"lastFloor\":\"1\",\"lastAnchor\":\"pid40670434\",\"time\":1678079501688}","534297":"s{\"page\":\"3\",\"lastFloor\":\"46\",\"lastAnchor\":\"pid40691383\",\"time\":1680509650947}","DMZJUserSetting":"s{\"漫画阅读\":{\"Enable\":true,\"双页显示\":true,\"页面填充\":true,\"点击翻页\":false,\"阅读进度\":true,\"夜间模式\":false,\"卷轴模式\":false,\"翻页键反转\":false,\"美漫模式\":false,\"背景颜色\":\"\"},\"体验优化\":{\"Enable\":true,\"阅读被封漫画\":true,\"在新页面中打开链接\":true,\"解除吐槽的字数限制\":true,\"优化网页右上角用户信息栏的加载\":true,\"自动进入漫画阅读模式\":true}}","NewYamiboUserSetting":"s{\"漫画阅读\":{\"Enable\":true,\"双页显示\":true,\"页面填充\":true,\"点击翻页\":false,\"阅读进度\":true,\"夜间模式\":false,\"卷轴模式\":false,\"翻页键反转\":false,\"背景颜色\":\"\"},\"体验优化\":{\"Enable\":true,\"自动进入漫画阅读模式\":true}}","UserSetting":"s{\"漫画阅读\":{\"Enable\":true,\"双页显示\":true,\"页面填充\":true,\"点击翻页\":false,\"阅读进度\":true,\"夜间模式\":false,\"卷轴模式\":false,\"翻页键反转\":false,\"背景颜色\":\"\"},\"记录阅读历史\":{\"Enable\":true,\"上次阅读进度标签颜色\":\"#6e2b19\",\"保留天数\":-1},\"体验优化\":{\"Enable\":true,\"关闭快捷导航的跳转\":true,\"修正点击页数时的跳转判定\":true,\"固定导航条\":true,\"自动进入漫画阅读模式\":true}}","Version":"s5.5","mangabzUserSetting":"s{\"漫画阅读\":{\"Enable\":true,\"双页显示\":true,\"页面填充\":true,\"点击翻页\":false,\"阅读进度\":true,\"夜间模式\":false,\"卷轴模式\":false,\"翻页键反转\":false,\"背景颜色\":\"\"},\"体验优化\":{\"Enable\":true,\"自动进入漫画阅读模式\":true}}"}}