{"sections":[{"urls":[],"urlPrefixes":[],"domains":[],"regexps":["^http(s)://manhua.dmzj.com/.+/[0-9-]+.shtml(#.*)?"],"code":"body {\r\n  background: #171717 !important;\r\n  padding: 0 !important;\r\n}\r\nimg {\r\n  border: 0 !important;\r\n  padding: 0 !important;\r\n}\r\n.font14black {\r\n  color: #FFF !important;\r\n  font-weight: bold !important;\r\n}\r\ndiv#hd {\r\n  border: 0px !important;\r\n  margin: 0 auto !important;\r\n  padding: 0 !important;\r\n  max-width: 960px;\r\n  width: auto !important;\r\n}\r\na {\r\n  transition:all 0.3s ease;\r\n  border: 0 !important;\r\n}\r\n.comic_gd_con .comic_gd_li{\r\n  margin: 0;\r\n}\r\n.comic_gd_con .comic_gd_li li {\r\n  transition:all 0.3s ease;\r\n  border: 0 !important;\r\n}\r\n.comic_gd_con .comic_gd_li li a {\r\n  padding: 9px 5px;\r\n  line-height: 14px;\r\n}\r\n.moreli {\r\n  height: 33px;\r\n}\r\n#floatCode,\r\n.box_text,\r\n.logod,\r\n.r1,\r\n.img-70-70,\r\n.right,\r\n.recom_one,\r\n#dmNav,\r\nspan.red1_font12,\r\na.red1_font12:nth-child(12),\r\nspan.icon20,\r\n.hotrmbox,\r\n.pop_bbsadmin_top,\r\n.pop_bbsadmin_foot,\r\n.pop_grade_clew-icon,\r\n.display_left,\r\n.display_right,\r\na#app_manhua,\r\n#bdshare,\r\n.dmNavclick,\r\n.mainNav_in_l,\r\ndiv#app_manhua,\r\n.book_open .top,\r\ndiv[style=\"height:90px;display:block;width:960px;\"]{\r\n  display: none !important;\r\n}\r\n.display_graybg{\r\n  background: none !important;\r\n  margin: 0 auto !important;\r\n  width:auto;\r\n}\r\n.user {\r\n  padding: 0 !important;\r\n  height: 50px !important;\r\n}\r\n.header-box {\r\n  height: 30px !important;\r\n  margin: 0 !important;\r\n  background: #222 !important;\r\n  border: 0;\r\n  width: 100% !important;\r\n  box-shadow: 0px 1px 2px #000;\r\n  position: fixed;\r\n  top: 0px !important;\r\n}\r\n.header-box .user{\r\n  width: auto;\r\n  height: 30px !important;\r\n}\r\n.btns {\r\n  position: absolute;\r\n  top: 0;\r\n  right: 36px;\r\n}\r\n.btns a,.btm_chapter_btn.fl,.btm_chapter_btn.fr{\r\n  background: none;\r\n  color: #9e9e9e;\r\n  width: 80px !important;\r\n  height: 30px !important;\r\n  line-height: 30px;\r\n  margin: 0;\r\n  border-radius: 0;\r\n}\r\n.btns a:hover,.btm_chapter_btn.fl:hover,.btm_chapter_btn.fr:hover{\r\n  background: #127352;\r\n  color: #fff;\r\n  text-decoration: none;\r\n}\r\n#page_select{\r\n  margin: 0;\r\n  height: 30px !important;\r\n  border: 0;\r\n  border-radius: 0px !important;\r\n  color: #999;\r\n  background: #000;\r\n}\r\n.border \u003e div {\r\n  margin: 5px auto !important;\r\n}\r\n.funcdiv {\r\n  position: fixed;\r\n  border: 0 !important;\r\n  top: 0px;\r\n  left: 20px;\r\n  width: auto !important;\r\n  background: none;\r\n}\r\n.funcdiv div{\r\n  height: 30px !important;\r\n}\r\n.funcdiv a:last-of-type,div[style=\"height:60px;display:block;width:960px;\"],div[style=\"width:960px;height:60px;position: absolute;left: 50%;margin-left: -480px;top: 138px;\"],div[style=\"width:980px;margin:15px auto\"] {\r\n  display: none !important;\r\n}\r\n.footer{\r\n  border: 0;\r\n  height: 0px !important;\r\n  line-height: 0px !important;\r\n  background: transparent;\r\n}\r\n.pop_bbsadmin{\r\n  width: 260px;\r\n}\r\n.pop_bbsadmin_mend_back {\r\n  border: 0 !important;\r\n  border-radius: 4px;\r\n  background: #171717;\r\n  height: 105px;\r\n}\r\n.pop_bbsadmin_mend {\r\n  background: 0;\r\n}\r\n.pop_bbsadmin_choice2{\r\n  padding: 5px 0;\r\n}\r\n.pop_bbsadmin_choice2 span{\r\n  color: #127352 !important;\r\n}\r\n.part_collection_bnt {\r\n  border: 0 !important;\r\n  border-radius: 3px;\r\n  background: #023522;\r\n  color: #999;\r\n  margin: 0 8px !important;\r\n  transition: all 0.25s ease;\r\n}\r\n.part_collection_bnt:hover {\r\n  background: #127352;\r\n  color: #fff;\r\n}\r\n.btm_chapter_btn {\r\n  width: 80px;\r\n  height: 30px;\r\n  line-height: 30px;\r\n  border-radius: 2px;\r\n}\r\n#page_select {\r\n  width: 80px;\r\n  height: 30px;\r\n  line-height: 30px;\r\n  border-radius: 2px;\r\n}\r\n.inner_img {\r\n  margin: 0 !important;\r\n}\r\n.mainNav{\r\n  background: #222;\r\n  border: none;\r\n  display: block !important;\r\n  position: fixed;\r\n  top: 0px;\r\n  height: 30px;\r\n  right: 0px;\r\n  z-index: 1;\r\n  width: 20px;\r\n  overflow: hidden;\r\n  transition: all 0.25s ease;\r\n  padding: 0 8px;\r\n}\r\n.mainNav:hover{\r\n  width: 505px;\r\n}\r\n.mainNav_inner{\r\n  width: 100%;\r\n  height: 30px;\r\n}\r\n.mainNav_in_r{\r\n  float: left;\r\n  text-align: left;\r\n}\r\n.mainNav_in_r ul li{\r\n  color: transparent;\r\n  height: 30px;\r\n}\r\n.btmBtnBox{\r\n  position: fixed;\r\n  top: 0px;\r\n  right: 276px;\r\n  width: auto !important;\r\n  height: auto;\r\n  margin: 0;\r\n}\r\n.curr_page{\r\n  height: 30px;\r\n  line-height: 30px;\r\n}\r\n.comic_gd_con{\r\n  padding: 0px 20px;\r\n}\r\n.comic_gd_con p,\r\n.book_open .book_con_li li a.book_title,\r\n.book_open .book_con_li li a.book_num,\r\n.book_open .book_con_li li span.book_clo,\r\n.book_con_bottom{\r\n  color: #999;\r\n}\r\n.comic_gd_fb{\r\n  color: #999;\r\n  width: auto;\r\n  text-align: center;\r\n}\r\n.comic_gd_fb .gd_input{\r\n  color: #999;\r\n  background: #000;\r\n  border: 3px solid #127352;\r\n  height: 22px;\r\n  border-radius: 3px 0 0 3px;\r\n  padding: 0px 4px;\r\n}\r\n.comic_gd_fb a.subtn{\r\n  color: #ccc;\r\n  margin: 0;\r\n  background: #127352;\r\n  height: 28px;\r\n  width: 40px;\r\n  line-height: 28px;\r\n  border-radius: 0 3px 3px 0;\r\n}\r\n.comic_gd_fb a.subtn:hover{\r\n  color: #fff;\r\n  text-decoration: none;\r\n}\r\na.redhotl, a.redhotl, .display_middle, .red1_font12{\r\n  color: #127352 !important;\r\n}\r\n.display_middle{\r\n  width: 100%;\r\n  margin: 30px 0 0 0;\r\n}\r\n.book_open{\r\n  background: #222;\r\n  position: fixed;\r\n  right: 80px;\r\n  top: 30px;\r\n  box-shadow: 1px 1px 2px #000;\r\n}\r\n.book_open .book_con_li li.li_bg,\r\n.book_open .book_con_li li:hover{\r\n  background: none;\r\n}\r\n.book_open .book_open_tabs{\r\n  border-bottom-color:#444;\r\n}"},{"urls":[],"urlPrefixes":[],"domains":["manhua.dmzj.com"],"regexps":[],"code":".online_anim_debate {\r\n  margin-top: 200px !important;\r\n}"},{"urls":[],"urlPrefixes":["http://www.dmzj.com/view/","https://www.dmzj.com/view/"],"domains":[],"regexps":[],"code":"body {\r\n  background-color: #222 !important;\r\n}\r\na, .head_wz, .myPoint {\r\n  color: #FFF !important;\r\n}\r\na:hover {\r\n  color: #4A97CD !important;\r\n}\r\n.wrap_last_mid, .allN, .comic_gd_fb {\r\n  color: #FFF !important;\r\n}\r\n.mainNav a:hover, .lz_btn:hover, .next_btn:hover {\r\n  color: unset !important;\r\n}\r\n.page_o a {\r\n  color: #000 !important;\r\n  background-color: #FFF !important;\r\n}\r\n.head_title h2, .head_title a {\r\n  color: #FF6600 !important;\r\n}\r\n.foot-detail a {\r\n  color: #666 !important;\r\n}\r\n.dy_success, .manag a {\r\n  color: #333 !important;\r\n}\r\n.qx {\r\n  color: #000 !important;\r\n}"},{"urls":[],"urlPrefixes":["http://user.dmzj.com/cache/oviewpoint/","https://user.dmzj.com/cache/oviewpoint/"],"domains":[],"regexps":[],"code":".comic_gd_con p, .comic_gd_fb {\r\n  color: #FFF !important;\r\n}"}],"url":"http://userstyles.org/styles/119945","updateUrl":"https://userstyles.org/styles/chrome/119945.json","md5Url":"https://update.userstyles.org/119945.md5","originalMd5":"2312e1f46d423959f33b6bc852956f55","name":"动漫之家暗色调漫画阅读页(布局精简)","thumbnail":"https://userstyles.org/style_screenshots/119945_after.jpeg"}