{"options":{"check_for_updates":true,"comment":null,"compat_foreach":false,"compat_metadata":false,"compat_powerful_this":null,"compat_wrappedjsobject":false,"compatopts_for_requires":true,"noframes":null,"override":{"merge_connects":true,"merge_excludes":true,"merge_includes":true,"merge_matches":true,"orig_connects":["*"],"orig_excludes":[],"orig_includes":["*"],"orig_matches":[],"orig_noframes":true,"orig_run_at":"document-idle","use_blockers":[],"use_connects":["staff.yamibo.com","user.dmzj.com","*"],"use_excludes":[],"use_includes":[],"use_matches":[]},"run_at":null,"sandbox":null,"tab_types":null,"unwrap":null},"settings":{"enabled":false,"position":4},"meta":{"name":"ComicRead","uuid":"925903a2-a064-44b4-8c14-9f2f6061a076","modified":1684154114690,"file_url":"https://greasyfork.org/scripts/374903-comicread/code/ComicRead.user.js"}}