{"options":{"check_for_updates":false,"comment":null,"compat_foreach":false,"compat_metadata":false,"compat_powerful_this":null,"compat_wrappedjsobject":false,"compatopts_for_requires":true,"noframes":null,"override":{"merge_connects":true,"merge_excludes":true,"merge_includes":true,"merge_matches":true,"orig_connects":[],"orig_excludes":[],"orig_includes":["http://*/home.php?mod=spacecp&ac=avatar*","https://moeshare.cc/profile.php?action=modify&info_type=face"],"orig_matches":[],"orig_noframes":null,"orig_run_at":"document-end","use_blockers":[],"use_connects":[],"use_excludes":[],"use_includes":[],"use_matches":[]},"run_at":null,"sandbox":null,"tab_types":null,"unwrap":null},"settings":{"enabled":true,"position":28},"meta":{"name":"Discuz论坛头像上传助手","uuid":"9e7fa23b-849f-455c-a5cd-fb953fca5ba2","modified":1685257921047,"file_url":"https://greasyfork.org/scripts/2253-discuz%E8%AE%BA%E5%9D%9B%E5%A4%B4%E5%83%8F%E4%B8%8A%E4%BC%A0%E5%8A%A9%E6%89%8B/code/Discuz%E8%AE%BA%E5%9D%9B%E5%A4%B4%E5%83%8F%E4%B8%8A%E4%BC%A0%E5%8A%A9%E6%89%8B.user.js"}}