{"options":{"check_for_updates":true,"comment":null,"compat_foreach":false,"compat_metadata":false,"compat_powerful_this":null,"compat_prototypes":false,"compat_wrappedjsobject":false,"compatopts_for_requires":true,"noframes":null,"override":{"merge_connects":true,"merge_excludes":true,"merge_includes":true,"merge_matches":true,"orig_connects":[],"orig_excludes":[],"orig_includes":["*://*.saraba1st.com/2b/*","*://*.stage1st.com/2b/*","*://*.stage1.cc/2b/*"],"orig_matches":[],"orig_noframes":null,"orig_run_at":"document-idle","use_blockers":[],"use_connects":[],"use_excludes":[],"use_includes":[],"use_matches":[]},"run_at":null,"tab_types":null,"unwrap":null},"settings":{"enabled":true,"position":3},"meta":{"name":"JS practice for S1","uuid":"7c25e21f-c0ec-4505-8098-e5cec146951c","modified":1659187829937,"file_url":"https://greasyfork.org/scripts/37462-js-practice-for-s1/code/JS%20practice%20for%20S1.user.js"}}