{"options":{"check_for_updates":true,"comment":null,"compat_foreach":false,"compat_metadata":false,"compat_powerful_this":null,"compat_wrappedjsobject":false,"compatopts_for_requires":true,"noframes":null,"override":{"merge_connects":true,"merge_excludes":true,"merge_includes":true,"merge_matches":true,"orig_connects":[],"orig_excludes":["https://mp.weixin.qq.com/cgi-bin/*"],"orig_includes":[],"orig_matches":["http*://c.pc.qq.com/*","http*://iphone.myzaker.com/zaker/link.php?*","http*://link.zhihu.com/?*","http*://www.360doc.cn/outlink.html?url=*","http://redir.yy.duowan.com/warning.php?url=*","http://t.cn/*","http://www.360doc.com/content/*","https://afdian.net/link?target=*","https://bbs.nga.cn/read.php?*","https://blog.51cto.com/transfer?*","https://developers.weixin.qq.com/community/middlepage/href?href=*","https://docs.qq.com/scenario/link.html?u=*","https://docs.qq.com/scenario/link.html?url=*","https://game.bilibili.com/linkfilter/?url=*","https://gitee.com/link?target=*","https://jump2.bdimg.com/safecheck/index?url=*","https://leetcode.cn/link/?target=*","https://link.csdn.net/?target=*","https://link.juejin.cn/?target=*","https://link.ld246.com/forward?goto=*","https://link.logonews.cn/?*","https://link.uisdc.com/?redirect=*","https://mail.qq.com/cgi-bin/readtemplate*","https://mp.weixin.qq.com/s/*","https://nga.178.com/read.php?*","https://ref.gamer.com.tw/redir.php/url=*","https://sspai.com/link?target=*","https://steamcommunity.com/linkfilter/?url=*","https://t.me/iv?url=*","https://tieba.baidu.com/mo/q/checkurl?url=*","https://weibo.cn/sinaurl?*","https://weixin110.qq.com/cgi-bin/mmspamsupport-bin/newredirectconfirmcgi*","https://www.bookmarkearth.com/view/*","https://www.chinaz.com/go.shtml?url=*","https://www.coolapk.com/link?url=*","https://www.curseforge.com/linkout?remoteUrl=*","https://www.douban.com/link2/?url=*","https://www.instagram.com/linkshim/?u=*","https://www.jianshu.com/go-wild?*","https://www.kookapp.cn/go-wild.html?url=*","https://www.linkedin.com/safety/go?url=*","https://www.mcbbs.net/plugin.php?id=link_redirect&target=*","https://www.oschina.net/action/GoToLink?url=*","https://www.pixiv.net/jump.php?url=*","https://www.qcc.com/web/transfer-link?link=*","https://www.tianyancha.com/security?target=*","https://www.yuque.com/r/goto?url=*","https://xie.infoq.cn/link?target=*"],"orig_noframes":null,"orig_run_at":"document-idle","use_blockers":[],"use_connects":[],"use_excludes":[],"use_includes":[],"use_matches":[]},"run_at":null,"sandbox":null,"tab_types":null,"unwrap":null},"settings":{"enabled":true,"position":20},"meta":{"name":"Open the F**king URL Right Now","uuid":"572a86a0-1aaf-47b3-89a1-9b3d3ec4a1ce","modified":1681134211581,"file_url":"https://greasyfork.org/scripts/412612-open-the-f-king-url-right-now/code/Open%20the%20F**king%20URL%20Right%20Now.user.js"}}