{"options":{"check_for_updates":true,"comment":null,"compat_foreach":false,"compat_metadata":false,"compat_powerful_this":null,"compat_wrappedjsobject":false,"compatopts_for_requires":true,"noframes":null,"override":{"merge_connects":true,"merge_excludes":true,"merge_includes":true,"merge_matches":true,"orig_connects":[],"orig_excludes":[],"orig_includes":[],"orig_matches":["https://bgm.tv/group/*","https://bangumi.tv/group/*","https://chii.in/group/*"],"orig_noframes":null,"orig_run_at":"document-idle","use_blockers":[],"use_connects":[],"use_excludes":[],"use_includes":[],"use_matches":[]},"run_at":null,"sandbox":null,"tab_types":null,"unwrap":null},"settings":{"enabled":true,"position":24},"meta":{"name":"topicSearch","uuid":"39b18d23-4392-4cd1-a2a7-315bfcc6ae64","modified":1683458086077,"file_url":"https://greasyfork.org/scripts/465579-topicsearch/code/topicSearch.user.js"}}