{"options":{"check_for_updates":true,"comment":null,"compat_foreach":false,"compat_metadata":false,"compat_powerful_this":null,"compat_wrappedjsobject":false,"compatopts_for_requires":true,"noframes":null,"override":{"merge_connects":true,"merge_excludes":true,"merge_includes":true,"merge_matches":true,"orig_connects":[],"orig_excludes":["*://weibo.com/*","*://*.weibo.com/*","*://t.cn/*"],"orig_includes":[],"orig_matches":["*://*/*"],"orig_noframes":null,"orig_run_at":"document-end","use_blockers":[],"use_connects":["sinaimg.cn","image.baidu.com","img.mix.sina.com.cn"],"use_excludes":[],"use_includes":[],"use_matches":[]},"run_at":null,"sandbox":null,"tab_types":null,"unwrap":null},"settings":{"enabled":true,"position":21},"meta":{"name":"修复微博图片跨域展示","uuid":"4161b50d-d15a-42ab-a2ab-da7b8006e57f","modified":1680143546399,"file_url":"https://greasyfork.org/scripts/462883/code/fix-sinaimg.user.js"}}