{"options":{"check_for_updates":true,"comment":null,"compat_foreach":false,"compat_metadata":false,"compat_powerful_this":null,"compat_prototypes":false,"compat_wrappedjsobject":false,"compatopts_for_requires":true,"noframes":null,"override":{"merge_connects":true,"merge_excludes":true,"merge_includes":true,"merge_matches":true,"orig_connects":[],"orig_excludes":[],"orig_includes":[],"orig_matches":["https://*.saraba1st.com/2b/thread-*","https://*.saraba1st.com/2b/forum.php*tid=*"],"orig_noframes":null,"orig_run_at":"document-idle","use_blockers":[],"use_connects":[],"use_excludes":[],"use_includes":[],"use_matches":[]},"run_at":null,"tab_types":null,"unwrap":null},"settings":{"enabled":true,"position":2},"meta":{"name":"查看S1不可见内容(审核中/禁言)自动版","uuid":"8d2fdec2-9345-4344-bdf2-dde37233f319","modified":1659826385431,"file_url":"https://greasyfork.org/scripts/419494-%E6%9F%A5%E7%9C%8Bs1%E4%B8%8D%E5%8F%AF%E8%A7%81%E5%86%85%E5%AE%B9-%E5%AE%A1%E6%A0%B8%E4%B8%AD-%E7%A6%81%E8%A8%80-%E8%87%AA%E5%8A%A8%E7%89%88/code/%E6%9F%A5%E7%9C%8BS1%E4%B8%8D%E5%8F%AF%E8%A7%81%E5%86%85%E5%AE%B9(%E5%AE%A1%E6%A0%B8%E4%B8%AD%E7%A6%81%E8%A8%80)%E8%87%AA%E5%8A%A8%E7%89%88.user.js"}}