{"options":{"check_for_updates":true,"comment":null,"compat_foreach":false,"compat_metadata":false,"compat_powerful_this":null,"compat_wrappedjsobject":false,"compatopts_for_requires":true,"noframes":null,"override":{"merge_connects":true,"merge_excludes":true,"merge_includes":true,"merge_matches":true,"orig_connects":["baidu.com","baidupcs.com","cdn.jsdelivr.net","*"],"orig_excludes":[],"orig_includes":[],"orig_matches":["*://pan.baidu.com/disk/home*","*://pan.baidu.com/disk/main*","*://pan.baidu.com/disk/synchronization*","*://pan.baidu.com/s/*","*://yun.baidu.com/disk/home*","*://yun.baidu.com/disk/main*","*://yun.baidu.com/disk/synchronization*","*://yun.baidu.com/s/*","*://wangpan.baidu.com/disk/home*","*://wangpan.baidu.com/disk/main*","*://wangpan.baidu.com/disk/synchronization*","*://wangpan.baidu.com/s/*"],"orig_noframes":null,"orig_run_at":"document-body","use_blockers":[],"use_connects":[],"use_excludes":[],"use_includes":[],"use_matches":[]},"run_at":null,"sandbox":null,"tab_types":null,"unwrap":null},"settings":{"enabled":true,"position":17},"meta":{"name":"秒传链接提取","uuid":"b500e0ac-df6d-4ad4-9ed9-be2a65b154eb","modified":1683370325410,"file_url":"https://greasyfork.org/scripts/424574-%E7%A7%92%E4%BC%A0%E9%93%BE%E6%8E%A5%E6%8F%90%E5%8F%96/code/%E7%A7%92%E4%BC%A0%E9%93%BE%E6%8E%A5%E6%8F%90%E5%8F%96.user.js"}}