{"options":{"check_for_updates":true,"comment":null,"compat_foreach":false,"compat_metadata":false,"compat_powerful_this":null,"compat_prototypes":false,"compat_wrappedjsobject":false,"compatopts_for_requires":true,"noframes":null,"override":{"merge_connects":true,"merge_excludes":true,"merge_includes":true,"merge_matches":true,"orig_connects":[],"orig_excludes":[],"orig_includes":["/https?://music.163.com/*"],"orig_matches":[],"orig_noframes":null,"orig_run_at":"document-idle","use_blockers":[],"use_connects":[],"use_excludes":[],"use_includes":[],"use_matches":[]},"run_at":null,"tab_types":null,"unwrap":null},"settings":{"enabled":true,"position":5},"meta":{"name":"网易云音乐专辑封面旋转","uuid":"2f23029e-5aec-421b-a06f-3ca6c997b3cf","modified":1659242996717,"file_url":"https://greasyfork.org/scripts/387183-%E7%BD%91%E6%98%93%E4%BA%91%E9%9F%B3%E4%B9%90%E4%B8%93%E8%BE%91%E5%B0%81%E9%9D%A2%E6%97%8B%E8%BD%AC/code/%E7%BD%91%E6%98%93%E4%BA%91%E9%9F%B3%E4%B9%90%E4%B8%93%E8%BE%91%E5%B0%81%E9%9D%A2%E6%97%8B%E8%BD%AC.user.js"}}