{"options":{"check_for_updates":true,"comment":null,"compat_foreach":false,"compat_metadata":false,"compat_powerful_this":null,"compat_wrappedjsobject":false,"compatopts_for_requires":true,"noframes":null,"override":{"merge_connects":true,"merge_excludes":true,"merge_includes":true,"merge_matches":true,"orig_connects":[],"orig_excludes":[],"orig_includes":[],"orig_matches":["*://weibo.com/*","*://*.weibo.com/*","*://*.weibo.cn/*","*://tieba.baidu.com/*","*://*.bilibili.com/","*://*.bilibili.com/*","*://*.douban.com/group/*"],"orig_noframes":null,"orig_run_at":"document-idle","use_blockers":[],"use_connects":[],"use_excludes":[],"use_includes":[],"use_matches":[]},"run_at":null,"sandbox":"DOM","tab_types":null,"unwrap":null},"settings":{"enabled":true,"position":19},"meta":{"name":"能不能好好说话？","uuid":"b5819489-025c-4ad4-a9bd-24e483e12860","modified":1676615298206,"file_url":"https://lab.magiconch.com/nbnhhsh/nbnhhsh.user.js"}}