{"options":{"check_for_updates":true,"comment":null,"compat_foreach":false,"compat_metadata":false,"compat_powerful_this":null,"compat_wrappedjsobject":false,"compatopts_for_requires":true,"noframes":null,"override":{"merge_connects":true,"merge_excludes":true,"merge_includes":true,"merge_matches":true,"orig_connects":[],"orig_excludes":[],"orig_includes":[],"orig_matches":["*://*/*"],"orig_noframes":null,"orig_run_at":"document-start","use_blockers":["*"],"use_connects":["bkssl.bdimg.com","baidu.com","zhihu.com","bdstatic.com","doubanio.com","moegirl.org.cn","bdimg.com","cloudflare.com","aliyuncs.com","csdnimg.cn","gtimg.cn","googleapis.com","ibugone.com","wolframcdn.com","overleaf.com","gstatic.cn","texpage.com","jianshu.io","mihoyo.com","hdslb.com","seu.edu.cn","steamstatic.com","126.net"],"use_excludes":[],"use_includes":[],"use_matches":[]},"run_at":null,"sandbox":null,"tab_types":null,"unwrap":null},"settings":{"enabled":true,"position":16},"meta":{"name":"黑白网页恢复彩色","uuid":"31b55f94-93bb-4a5f-a7eb-559d621fc6b4","modified":1670408035519,"file_url":"https://greasyfork.org/scripts/455684-%E9%BB%91%E7%99%BD%E7%BD%91%E9%A1%B5%E6%81%A2%E5%A4%8D%E5%BD%A9%E8%89%B2/code/%E9%BB%91%E7%99%BD%E7%BD%91%E9%A1%B5%E6%81%A2%E5%A4%8D%E5%BD%A9%E8%89%B2.user.js"}}